-- Historical data import: 2019, 2020, 2021
-- Run this in the Supabase SQL editor
-- All three years use scoring_direction='desc' (highest total wins = 'Poeng')

ALTER TABLE tournaments ADD COLUMN IF NOT EXISTS scoring_direction TEXT NOT NULL DEFAULT 'asc';

INSERT INTO tournaments (id, year, is_active, scoring_direction) VALUES
  ('bad60954-489a-4802-b8fc-80a7631c83c9', 2019, false, 'desc'),
  ('5703eec0-bbee-46cf-8bd3-9c5b0d7f7753', 2020, false, 'desc'),
  ('1f712c6a-53e0-455a-a1b2-6fde58dad9b3', 2021, false, 'desc');

INSERT INTO doeng_scale (tournament_id, position, points) VALUES
  ('bad60954-489a-4802-b8fc-80a7631c83c9', 1, 17),
  ('5703eec0-bbee-46cf-8bd3-9c5b0d7f7753', 1, 17),
  ('1f712c6a-53e0-455a-a1b2-6fde58dad9b3', 1, 17),
  ('bad60954-489a-4802-b8fc-80a7631c83c9', 2, 15),
  ('5703eec0-bbee-46cf-8bd3-9c5b0d7f7753', 2, 15),
  ('1f712c6a-53e0-455a-a1b2-6fde58dad9b3', 2, 15),
  ('bad60954-489a-4802-b8fc-80a7631c83c9', 3, 13),
  ('5703eec0-bbee-46cf-8bd3-9c5b0d7f7753', 3, 13),
  ('1f712c6a-53e0-455a-a1b2-6fde58dad9b3', 3, 13),
  ('bad60954-489a-4802-b8fc-80a7631c83c9', 4, 11),
  ('5703eec0-bbee-46cf-8bd3-9c5b0d7f7753', 4, 11),
  ('1f712c6a-53e0-455a-a1b2-6fde58dad9b3', 4, 11),
  ('bad60954-489a-4802-b8fc-80a7631c83c9', 5, 10),
  ('5703eec0-bbee-46cf-8bd3-9c5b0d7f7753', 5, 10),
  ('1f712c6a-53e0-455a-a1b2-6fde58dad9b3', 5, 10),
  ('bad60954-489a-4802-b8fc-80a7631c83c9', 6, 9),
  ('5703eec0-bbee-46cf-8bd3-9c5b0d7f7753', 6, 9),
  ('1f712c6a-53e0-455a-a1b2-6fde58dad9b3', 6, 9),
  ('bad60954-489a-4802-b8fc-80a7631c83c9', 7, 8),
  ('5703eec0-bbee-46cf-8bd3-9c5b0d7f7753', 7, 8),
  ('1f712c6a-53e0-455a-a1b2-6fde58dad9b3', 7, 8),
  ('bad60954-489a-4802-b8fc-80a7631c83c9', 8, 7),
  ('5703eec0-bbee-46cf-8bd3-9c5b0d7f7753', 8, 7),
  ('1f712c6a-53e0-455a-a1b2-6fde58dad9b3', 8, 7),
  ('bad60954-489a-4802-b8fc-80a7631c83c9', 9, 6),
  ('5703eec0-bbee-46cf-8bd3-9c5b0d7f7753', 9, 6),
  ('1f712c6a-53e0-455a-a1b2-6fde58dad9b3', 9, 6),
  ('bad60954-489a-4802-b8fc-80a7631c83c9', 10, 5),
  ('5703eec0-bbee-46cf-8bd3-9c5b0d7f7753', 10, 5),
  ('1f712c6a-53e0-455a-a1b2-6fde58dad9b3', 10, 5),
  ('bad60954-489a-4802-b8fc-80a7631c83c9', 11, 4),
  ('5703eec0-bbee-46cf-8bd3-9c5b0d7f7753', 11, 4),
  ('1f712c6a-53e0-455a-a1b2-6fde58dad9b3', 11, 4),
  ('bad60954-489a-4802-b8fc-80a7631c83c9', 12, 3),
  ('5703eec0-bbee-46cf-8bd3-9c5b0d7f7753', 12, 3),
  ('1f712c6a-53e0-455a-a1b2-6fde58dad9b3', 12, 3),
  ('bad60954-489a-4802-b8fc-80a7631c83c9', 13, 2),
  ('5703eec0-bbee-46cf-8bd3-9c5b0d7f7753', 13, 2),
  ('1f712c6a-53e0-455a-a1b2-6fde58dad9b3', 13, 2),
  ('bad60954-489a-4802-b8fc-80a7631c83c9', 14, 1),
  ('5703eec0-bbee-46cf-8bd3-9c5b0d7f7753', 14, 1),
  ('1f712c6a-53e0-455a-a1b2-6fde58dad9b3', 14, 1);

-- 2019 participants
INSERT INTO participants (id, tournament_id, name, sort_order) VALUES
  ('deac234e-a8be-4c50-af7c-b7eb8bcb77dc', 'bad60954-489a-4802-b8fc-80a7631c83c9', 'Edvard', 1),
  ('c00ca0ba-1fdd-460c-8dba-01a73e50c5ff', 'bad60954-489a-4802-b8fc-80a7631c83c9', 'Halvdan', 2),
  ('fce2b4a8-2c68-4dbd-92ac-6e7d49768aa4', 'bad60954-489a-4802-b8fc-80a7631c83c9', 'Johan', 3),
  ('38475972-6309-4b76-9638-23649136f570', 'bad60954-489a-4802-b8fc-80a7631c83c9', 'Morten', 4),
  ('f1f89d57-26e0-477c-8b8b-d01c3abdbc5f', 'bad60954-489a-4802-b8fc-80a7631c83c9', 'Daniel', 5),
  ('0e5fa156-a150-4ce4-a6c6-276abc948377', 'bad60954-489a-4802-b8fc-80a7631c83c9', 'Eirik', 6),
  ('535b8cef-abd4-42eb-b782-a6168aacc31f', 'bad60954-489a-4802-b8fc-80a7631c83c9', 'Martin', 7),
  ('5fdd87e8-f150-40ec-8570-8e3805521aad', 'bad60954-489a-4802-b8fc-80a7631c83c9', 'Simon', 8),
  ('63fcfc79-7a91-463a-a75c-fbc930e4e767', 'bad60954-489a-4802-b8fc-80a7631c83c9', 'Bendik', 9),
  ('5cf000b3-7332-4359-a835-19974a239612', 'bad60954-489a-4802-b8fc-80a7631c83c9', 'Gjermund', 10),
  ('2e4498e7-a0eb-4cbb-9363-cceb792ed46c', 'bad60954-489a-4802-b8fc-80a7631c83c9', 'Odin', 11);

-- 2019 events
INSERT INTO events (id, tournament_id, name, sort_order, day, is_hansa) VALUES
  ('114c3b51-88e5-4d83-868f-4a929856f830', 'bad60954-489a-4802-b8fc-80a7631c83c9', 'Beer pong', 1, NULL, true),
  ('c004ac94-7199-425c-bf9f-95d3796f8d3c', 'bad60954-489a-4802-b8fc-80a7631c83c9', 'Papirfly', 2, 'Fredag', false),
  ('e989dde3-6cdd-4ce8-994b-945676adc166', 'bad60954-489a-4802-b8fc-80a7631c83c9', 'Bomullsdotten', 3, 'Fredag', false),
  ('729a57ba-4251-4f0f-a531-7ea5922c0d47', 'bad60954-489a-4802-b8fc-80a7631c83c9', 'Gnav', 4, 'Fredag', false),
  ('6b35ac0e-4579-491d-8798-5561aa68248c', 'bad60954-489a-4802-b8fc-80a7631c83c9', 'Mario kart', 5, 'Fredag', false),
  ('83beaa2e-8afb-4e7e-af47-9c9571306c4f', 'bad60954-489a-4802-b8fc-80a7631c83c9', 'Bordtennis', 6, 'Lørdag', false),
  ('310ad0cb-3756-4fce-82b0-2abcfa99325c', 'bad60954-489a-4802-b8fc-80a7631c83c9', 'GeoGuessr', 7, 'Lørdag', false),
  ('276473b4-573f-4789-b9f4-38ec9c6417d7', 'bad60954-489a-4802-b8fc-80a7631c83c9', 'Fosstafetten', 8, 'Lørdag', true),
  ('92ccb1dc-cfdc-45f7-9ffe-1aee12caf7b1', 'bad60954-489a-4802-b8fc-80a7631c83c9', 'Blåserør', 9, 'Lørdag', false),
  ('efc47146-147b-41c5-b01e-dcbf9606d58f', 'bad60954-489a-4802-b8fc-80a7631c83c9', 'Fotball', 10, 'Lørdag', true),
  ('c5efe4bc-8129-48c1-ac9e-b93b12d90148', 'bad60954-489a-4802-b8fc-80a7631c83c9', 'Idealtid', 11, 'Lørdag', false),
  ('c58b20d4-b99e-4e08-adc5-ff475611b094', 'bad60954-489a-4802-b8fc-80a7631c83c9', 'Kubb', 12, 'Søndag', false),
  ('2b6ad810-05e4-4b45-8780-f494c8488f2b', 'bad60954-489a-4802-b8fc-80a7631c83c9', 'Volleyball', 13, 'Søndag', false),
  ('6462f59b-56c6-46ce-b94b-b8a0e1520dce', 'bad60954-489a-4802-b8fc-80a7631c83c9', 'Basketball', 14, 'Søndag', false),
  ('ba288f3b-6987-4b00-a84c-25d46a7a3d94', 'bad60954-489a-4802-b8fc-80a7631c83c9', 'Ringbryting', 15, 'Søndag', false),
  ('579c88fc-3f75-4a07-be88-cd118d02b440', 'bad60954-489a-4802-b8fc-80a7631c83c9', 'Bezzerwisser', 16, 'Søndag', false),
  ('a7ec30c0-2ff1-4973-9501-fbf53a1eb3bc', 'bad60954-489a-4802-b8fc-80a7631c83c9', 'Raffle', 17, 'Søndag', false),
  ('7b1a6807-6f15-4cb1-9945-c34282324a6a', 'bad60954-489a-4802-b8fc-80a7631c83c9', 'Stein, saks, papir', 18, 'Søndag', false);

-- 2019 results
INSERT INTO results (id, event_id, participant_id, placement) VALUES
  ('6aaf28d0-57c2-4542-9c50-7a9580953dc3', '114c3b51-88e5-4d83-868f-4a929856f830', 'deac234e-a8be-4c50-af7c-b7eb8bcb77dc', 12),
  ('0e3f55b1-88c5-47da-b11d-e54a167fdfe0', 'c004ac94-7199-425c-bf9f-95d3796f8d3c', 'deac234e-a8be-4c50-af7c-b7eb8bcb77dc', 8),
  ('c06b181d-6a9e-4ebd-b6fb-bc5863401a41', 'e989dde3-6cdd-4ce8-994b-945676adc166', 'deac234e-a8be-4c50-af7c-b7eb8bcb77dc', 6),
  ('29dbea8a-2c25-404c-adbc-345a4ca3d41a', '729a57ba-4251-4f0f-a531-7ea5922c0d47', 'deac234e-a8be-4c50-af7c-b7eb8bcb77dc', 8),
  ('3e774516-de59-4379-bb24-ad8d65f989eb', '6b35ac0e-4579-491d-8798-5561aa68248c', 'deac234e-a8be-4c50-af7c-b7eb8bcb77dc', 5),
  ('ea28d3bf-c831-4d63-8295-0f24a776cfed', '83beaa2e-8afb-4e7e-af47-9c9571306c4f', 'deac234e-a8be-4c50-af7c-b7eb8bcb77dc', 5),
  ('19779a97-3dce-482c-ad57-f4557f6c017c', '310ad0cb-3756-4fce-82b0-2abcfa99325c', 'deac234e-a8be-4c50-af7c-b7eb8bcb77dc', 2),
  ('bae15463-00a8-4751-93b1-f56c503c7e19', '276473b4-573f-4789-b9f4-38ec9c6417d7', 'deac234e-a8be-4c50-af7c-b7eb8bcb77dc', 17),
  ('3401f629-65ce-449d-91b8-48ad13fedd84', '92ccb1dc-cfdc-45f7-9ffe-1aee12caf7b1', 'deac234e-a8be-4c50-af7c-b7eb8bcb77dc', 1),
  ('a50dcb96-3bb2-4b95-9d41-2497c12bb8cf', 'efc47146-147b-41c5-b01e-dcbf9606d58f', 'deac234e-a8be-4c50-af7c-b7eb8bcb77dc', 12),
  ('087124cb-c1e3-4fa5-80bb-2f5587e22021', 'c5efe4bc-8129-48c1-ac9e-b93b12d90148', 'deac234e-a8be-4c50-af7c-b7eb8bcb77dc', 4),
  ('16ca64ea-2be7-4b48-a8ff-18f6352a6473', 'c58b20d4-b99e-4e08-adc5-ff475611b094', 'deac234e-a8be-4c50-af7c-b7eb8bcb77dc', 5),
  ('c9816dec-509b-47f1-8d1e-8ee61ce2bd4b', '2b6ad810-05e4-4b45-8780-f494c8488f2b', 'deac234e-a8be-4c50-af7c-b7eb8bcb77dc', 3),
  ('db033a9d-cd4b-4052-9b05-5f1b69974915', '6462f59b-56c6-46ce-b94b-b8a0e1520dce', 'deac234e-a8be-4c50-af7c-b7eb8bcb77dc', 1),
  ('da2eff56-0e8c-4581-93af-d579d1a495d0', '114c3b51-88e5-4d83-868f-4a929856f830', 'c00ca0ba-1fdd-460c-8dba-01a73e50c5ff', 15),
  ('1a3ae518-4b76-4016-9ad6-3068cf503106', 'c004ac94-7199-425c-bf9f-95d3796f8d3c', 'c00ca0ba-1fdd-460c-8dba-01a73e50c5ff', 7),
  ('dfff654e-07e9-48ec-9342-29f688074b11', 'e989dde3-6cdd-4ce8-994b-945676adc166', 'c00ca0ba-1fdd-460c-8dba-01a73e50c5ff', 8),
  ('2a337d01-d9f3-4a0f-b4e6-59e5b5ac877b', '729a57ba-4251-4f0f-a531-7ea5922c0d47', 'c00ca0ba-1fdd-460c-8dba-01a73e50c5ff', 5),
  ('4b45061c-4a3d-46f5-ac1e-651c97f482ec', '6b35ac0e-4579-491d-8798-5561aa68248c', 'c00ca0ba-1fdd-460c-8dba-01a73e50c5ff', 3),
  ('de06dbe3-0f47-4735-85db-2d831517b767', '83beaa2e-8afb-4e7e-af47-9c9571306c4f', 'c00ca0ba-1fdd-460c-8dba-01a73e50c5ff', 4),
  ('a3783b81-ba6d-487a-a7f5-cd766e503ea7', '310ad0cb-3756-4fce-82b0-2abcfa99325c', 'c00ca0ba-1fdd-460c-8dba-01a73e50c5ff', 7),
  ('c4331dd0-0cfc-4828-ac19-28428fb99b3f', '276473b4-573f-4789-b9f4-38ec9c6417d7', 'c00ca0ba-1fdd-460c-8dba-01a73e50c5ff', 12),
  ('9ee027f5-5d3d-4007-bb74-2eb11911e484', '92ccb1dc-cfdc-45f7-9ffe-1aee12caf7b1', 'c00ca0ba-1fdd-460c-8dba-01a73e50c5ff', 3),
  ('213ed0a3-9b69-4c9a-a947-de608dadc3ed', 'efc47146-147b-41c5-b01e-dcbf9606d58f', 'c00ca0ba-1fdd-460c-8dba-01a73e50c5ff', 15),
  ('ac49d260-0114-4f6d-b109-e64306eabd97', 'c5efe4bc-8129-48c1-ac9e-b93b12d90148', 'c00ca0ba-1fdd-460c-8dba-01a73e50c5ff', 5),
  ('80602ae5-ea79-4f31-9e38-f8814b66fcf8', 'c58b20d4-b99e-4e08-adc5-ff475611b094', 'c00ca0ba-1fdd-460c-8dba-01a73e50c5ff', 2),
  ('37fcdd6a-98a4-4891-9f96-3dee91e2be54', '2b6ad810-05e4-4b45-8780-f494c8488f2b', 'c00ca0ba-1fdd-460c-8dba-01a73e50c5ff', 7),
  ('242d2ba4-6374-49a1-aed0-fafa0c134e50', '6462f59b-56c6-46ce-b94b-b8a0e1520dce', 'c00ca0ba-1fdd-460c-8dba-01a73e50c5ff', 2),
  ('22534a27-5472-49e7-a7e1-042cd948c543', 'ba288f3b-6987-4b00-a84c-25d46a7a3d94', 'c00ca0ba-1fdd-460c-8dba-01a73e50c5ff', 3),
  ('5c3c5e65-da83-44b4-b342-49da563871cc', '579c88fc-3f75-4a07-be88-cd118d02b440', 'c00ca0ba-1fdd-460c-8dba-01a73e50c5ff', 8),
  ('b0105a7e-ce39-4992-9572-d0576716a09f', 'a7ec30c0-2ff1-4973-9501-fbf53a1eb3bc', 'c00ca0ba-1fdd-460c-8dba-01a73e50c5ff', 6),
  ('f751d13a-60ae-44c9-a915-4d64f7f799ba', '7b1a6807-6f15-4cb1-9945-c34282324a6a', 'c00ca0ba-1fdd-460c-8dba-01a73e50c5ff', 4),
  ('8a4e573d-2f1d-47dd-81df-f6a76bdb6ca6', '83beaa2e-8afb-4e7e-af47-9c9571306c4f', 'fce2b4a8-2c68-4dbd-92ac-6e7d49768aa4', 8),
  ('2bb0028a-f7d5-49ba-91d2-1092a43ff059', '310ad0cb-3756-4fce-82b0-2abcfa99325c', 'fce2b4a8-2c68-4dbd-92ac-6e7d49768aa4', 4),
  ('0b145626-dbd6-43da-b339-c78431cd14e6', '276473b4-573f-4789-b9f4-38ec9c6417d7', 'fce2b4a8-2c68-4dbd-92ac-6e7d49768aa4', 12),
  ('641b87f0-85aa-4698-881b-1a619a7161c2', '92ccb1dc-cfdc-45f7-9ffe-1aee12caf7b1', 'fce2b4a8-2c68-4dbd-92ac-6e7d49768aa4', 7),
  ('4447458f-422c-4292-9fa4-68d62a191f4d', '114c3b51-88e5-4d83-868f-4a929856f830', '38475972-6309-4b76-9638-23649136f570', 15),
  ('666c5c64-5839-4363-99df-cd546863d8ee', 'c004ac94-7199-425c-bf9f-95d3796f8d3c', '38475972-6309-4b76-9638-23649136f570', 9),
  ('378622f9-488f-4b65-932e-b979e92fbe5e', 'e989dde3-6cdd-4ce8-994b-945676adc166', '38475972-6309-4b76-9638-23649136f570', 4),
  ('5b8d0e66-5308-4bee-8c13-e6b6388b336c', '729a57ba-4251-4f0f-a531-7ea5922c0d47', '38475972-6309-4b76-9638-23649136f570', 10),
  ('ac428bba-7734-49d2-9b34-161bd97d74b6', '83beaa2e-8afb-4e7e-af47-9c9571306c4f', '38475972-6309-4b76-9638-23649136f570', 8),
  ('a1405d23-6925-4389-832d-13ec667d9b8b', '310ad0cb-3756-4fce-82b0-2abcfa99325c', '38475972-6309-4b76-9638-23649136f570', 5),
  ('51ef5678-60ff-492b-bd53-7cd640b69ea7', '276473b4-573f-4789-b9f4-38ec9c6417d7', '38475972-6309-4b76-9638-23649136f570', 17),
  ('f58a75c4-e817-447a-af2d-a9db849adfd7', '92ccb1dc-cfdc-45f7-9ffe-1aee12caf7b1', '38475972-6309-4b76-9638-23649136f570', 2),
  ('5674aa2f-ea84-4845-8d55-58cfb11d64b9', 'efc47146-147b-41c5-b01e-dcbf9606d58f', '38475972-6309-4b76-9638-23649136f570', 6),
  ('9327c930-c729-4c21-b4c1-a5d22733ee7d', 'c58b20d4-b99e-4e08-adc5-ff475611b094', '38475972-6309-4b76-9638-23649136f570', 8),
  ('55a40b18-1fc0-4af8-bd54-92611f202336', '2b6ad810-05e4-4b45-8780-f494c8488f2b', '38475972-6309-4b76-9638-23649136f570', 8),
  ('57d42d29-7b02-4414-a311-b4d6a75211e5', '6462f59b-56c6-46ce-b94b-b8a0e1520dce', '38475972-6309-4b76-9638-23649136f570', 8),
  ('8eefdfdb-2919-426a-b35a-4d4ed2c92723', 'ba288f3b-6987-4b00-a84c-25d46a7a3d94', '38475972-6309-4b76-9638-23649136f570', 1),
  ('a6da9c7c-d6e0-4daf-9d72-1ac8efe0a322', '579c88fc-3f75-4a07-be88-cd118d02b440', '38475972-6309-4b76-9638-23649136f570', 5),
  ('1cc9b8ce-fe9e-4712-a055-88962928b55f', '114c3b51-88e5-4d83-868f-4a929856f830', 'f1f89d57-26e0-477c-8b8b-d01c3abdbc5f', 9),
  ('06ebcf3f-28ae-480d-91d9-c1a79a903b58', 'c004ac94-7199-425c-bf9f-95d3796f8d3c', 'f1f89d57-26e0-477c-8b8b-d01c3abdbc5f', 6),
  ('b65fe69b-561b-49fd-ba3f-91590694f6d1', 'e989dde3-6cdd-4ce8-994b-945676adc166', 'f1f89d57-26e0-477c-8b8b-d01c3abdbc5f', 9),
  ('1277ca43-1e67-4de8-bff7-5319a4405050', '729a57ba-4251-4f0f-a531-7ea5922c0d47', 'f1f89d57-26e0-477c-8b8b-d01c3abdbc5f', 9),
  ('bb4bf640-04c5-405d-8aff-9afb5ec4d442', '6b35ac0e-4579-491d-8798-5561aa68248c', 'f1f89d57-26e0-477c-8b8b-d01c3abdbc5f', 1),
  ('6e009c1f-f262-4dd7-9aba-2772f54f580d', '83beaa2e-8afb-4e7e-af47-9c9571306c4f', 'f1f89d57-26e0-477c-8b8b-d01c3abdbc5f', 8),
  ('acfdcc41-8432-42fd-92ad-63b2ba0b9d50', '310ad0cb-3756-4fce-82b0-2abcfa99325c', 'f1f89d57-26e0-477c-8b8b-d01c3abdbc5f', 5),
  ('e73484d9-785f-40d4-be30-272f75591cc7', '276473b4-573f-4789-b9f4-38ec9c6417d7', 'f1f89d57-26e0-477c-8b8b-d01c3abdbc5f', 6),
  ('f3ae9230-f361-4197-9813-a0e31b7bf43b', '92ccb1dc-cfdc-45f7-9ffe-1aee12caf7b1', 'f1f89d57-26e0-477c-8b8b-d01c3abdbc5f', 9),
  ('83a6a326-e476-4749-999a-6a2dd7466273', 'efc47146-147b-41c5-b01e-dcbf9606d58f', 'f1f89d57-26e0-477c-8b8b-d01c3abdbc5f', 17),
  ('512cb5a0-5777-483b-b5bc-71055bd24f17', 'c5efe4bc-8129-48c1-ac9e-b93b12d90148', 'f1f89d57-26e0-477c-8b8b-d01c3abdbc5f', 1),
  ('3736d9f0-6031-484d-9e77-8e860222ae5e', 'ba288f3b-6987-4b00-a84c-25d46a7a3d94', 'f1f89d57-26e0-477c-8b8b-d01c3abdbc5f', 2),
  ('cf8a5a82-8c7b-4d7f-bbb5-8f911a622dc9', '579c88fc-3f75-4a07-be88-cd118d02b440', 'f1f89d57-26e0-477c-8b8b-d01c3abdbc5f', 3),
  ('332884b6-cd03-4b14-8b67-85bff1626e30', 'a7ec30c0-2ff1-4973-9501-fbf53a1eb3bc', 'f1f89d57-26e0-477c-8b8b-d01c3abdbc5f', 1),
  ('25fe5159-eae1-4b32-b9bf-b608c2ddd4c6', '7b1a6807-6f15-4cb1-9945-c34282324a6a', 'f1f89d57-26e0-477c-8b8b-d01c3abdbc5f', 6),
  ('f2d986f3-8b2b-4702-a415-07e07c4dbd84', '114c3b51-88e5-4d83-868f-4a929856f830', '0e5fa156-a150-4ce4-a6c6-276abc948377', 12),
  ('ad706dc9-916a-4564-9d1b-dce3a63d06e6', 'c004ac94-7199-425c-bf9f-95d3796f8d3c', '0e5fa156-a150-4ce4-a6c6-276abc948377', 5),
  ('cdd1d6ad-0367-4203-931b-f7b1bff0a026', 'e989dde3-6cdd-4ce8-994b-945676adc166', '0e5fa156-a150-4ce4-a6c6-276abc948377', 5),
  ('5fad6f23-84a9-4662-aad2-fe2a3eedfdac', '729a57ba-4251-4f0f-a531-7ea5922c0d47', '0e5fa156-a150-4ce4-a6c6-276abc948377', 1),
  ('1e078270-f54a-4304-a591-1544f675ae6a', '6b35ac0e-4579-491d-8798-5561aa68248c', '0e5fa156-a150-4ce4-a6c6-276abc948377', 2),
  ('927f813e-9927-4903-ac15-00fb7d16ac10', '83beaa2e-8afb-4e7e-af47-9c9571306c4f', '0e5fa156-a150-4ce4-a6c6-276abc948377', 3),
  ('5d9f10c2-9718-4301-8e59-4ef4668bc150', '310ad0cb-3756-4fce-82b0-2abcfa99325c', '0e5fa156-a150-4ce4-a6c6-276abc948377', 3),
  ('01ed7c22-3b2a-4b97-bb59-d209b96c7f5e', '276473b4-573f-4789-b9f4-38ec9c6417d7', '0e5fa156-a150-4ce4-a6c6-276abc948377', 15),
  ('33e6daa9-2e5d-4267-8c89-19b669420c24', '92ccb1dc-cfdc-45f7-9ffe-1aee12caf7b1', '0e5fa156-a150-4ce4-a6c6-276abc948377', 4),
  ('9ba8d9be-f032-4384-b256-aaf5325aa5a8', 'efc47146-147b-41c5-b01e-dcbf9606d58f', '0e5fa156-a150-4ce4-a6c6-276abc948377', 9),
  ('ab65dbf5-8f58-4cd0-8bbc-16c1f20b4674', 'c5efe4bc-8129-48c1-ac9e-b93b12d90148', '0e5fa156-a150-4ce4-a6c6-276abc948377', 6),
  ('c2335811-4ecf-4a87-8f75-5b4d16c64ee4', 'c58b20d4-b99e-4e08-adc5-ff475611b094', '0e5fa156-a150-4ce4-a6c6-276abc948377', 1),
  ('eb9a0472-369e-42e4-831e-d88e9a70e2a9', '2b6ad810-05e4-4b45-8780-f494c8488f2b', '0e5fa156-a150-4ce4-a6c6-276abc948377', 6),
  ('16e59456-b048-457d-9016-90283c234709', '6462f59b-56c6-46ce-b94b-b8a0e1520dce', '0e5fa156-a150-4ce4-a6c6-276abc948377', 5),
  ('dda2108c-3a92-44b5-9066-af2c25e3d907', 'ba288f3b-6987-4b00-a84c-25d46a7a3d94', '0e5fa156-a150-4ce4-a6c6-276abc948377', 6),
  ('805f5823-ee41-41f8-b5eb-9671969894ba', '579c88fc-3f75-4a07-be88-cd118d02b440', '0e5fa156-a150-4ce4-a6c6-276abc948377', 2),
  ('be38fa20-f69c-4b03-a98c-c37d46e16e13', 'a7ec30c0-2ff1-4973-9501-fbf53a1eb3bc', '0e5fa156-a150-4ce4-a6c6-276abc948377', 4),
  ('fe459c99-0e47-4b48-90b1-17ff38a2e25f', '7b1a6807-6f15-4cb1-9945-c34282324a6a', '0e5fa156-a150-4ce4-a6c6-276abc948377', 1),
  ('db5b0ed7-efe2-4a12-a2e2-fe86e3deb7b3', '114c3b51-88e5-4d83-868f-4a929856f830', '535b8cef-abd4-42eb-b782-a6168aacc31f', 15),
  ('220addfd-8cf1-46e6-90c3-19cb2278f159', 'c004ac94-7199-425c-bf9f-95d3796f8d3c', '535b8cef-abd4-42eb-b782-a6168aacc31f', 3),
  ('bea8339c-da91-4732-bc42-91c073735b98', 'e989dde3-6cdd-4ce8-994b-945676adc166', '535b8cef-abd4-42eb-b782-a6168aacc31f', 2),
  ('54666d2b-c3a7-47cd-a8b3-e94dc183a49f', '729a57ba-4251-4f0f-a531-7ea5922c0d47', '535b8cef-abd4-42eb-b782-a6168aacc31f', 6),
  ('ed2bb467-7e9f-42b0-96f4-795a7196c35f', '114c3b51-88e5-4d83-868f-4a929856f830', '5fdd87e8-f150-40ec-8570-8e3805521aad', 9),
  ('df839d93-b68f-4b1a-876d-7da91084e80f', 'c004ac94-7199-425c-bf9f-95d3796f8d3c', '5fdd87e8-f150-40ec-8570-8e3805521aad', 4),
  ('ec63f52c-8f13-4bb3-bf43-b9a9e3e2b063', 'e989dde3-6cdd-4ce8-994b-945676adc166', '5fdd87e8-f150-40ec-8570-8e3805521aad', 3),
  ('a3c1b6be-b730-4337-af94-39d36d807874', '729a57ba-4251-4f0f-a531-7ea5922c0d47', '5fdd87e8-f150-40ec-8570-8e3805521aad', 7),
  ('086b87a8-3182-4431-af54-9919316c6c73', '6b35ac0e-4579-491d-8798-5561aa68248c', '5fdd87e8-f150-40ec-8570-8e3805521aad', 4),
  ('ee348724-4277-4afa-8236-c41386076397', '83beaa2e-8afb-4e7e-af47-9c9571306c4f', '5fdd87e8-f150-40ec-8570-8e3805521aad', 2),
  ('161c7242-b5d7-4b33-91e1-fc76e1cc02f8', '310ad0cb-3756-4fce-82b0-2abcfa99325c', '5fdd87e8-f150-40ec-8570-8e3805521aad', 9),
  ('e553b4ef-2ff9-4ce4-a660-05404b1b5a15', '276473b4-573f-4789-b9f4-38ec9c6417d7', '5fdd87e8-f150-40ec-8570-8e3805521aad', 15),
  ('37055e90-464c-482e-b8cf-b8603da0a058', '92ccb1dc-cfdc-45f7-9ffe-1aee12caf7b1', '5fdd87e8-f150-40ec-8570-8e3805521aad', 8),
  ('12dce01c-53f1-4ce7-8644-95e6f1efe043', 'efc47146-147b-41c5-b01e-dcbf9606d58f', '5fdd87e8-f150-40ec-8570-8e3805521aad', 9),
  ('d08f0174-2fc8-44ff-ac74-bc441ba67ffe', 'c5efe4bc-8129-48c1-ac9e-b93b12d90148', '5fdd87e8-f150-40ec-8570-8e3805521aad', 7),
  ('b10b937c-105d-4661-a461-1f35b0ec0abb', 'c58b20d4-b99e-4e08-adc5-ff475611b094', '5fdd87e8-f150-40ec-8570-8e3805521aad', 3),
  ('bbfd30fd-e465-46bc-811a-60dc101e0269', '2b6ad810-05e4-4b45-8780-f494c8488f2b', '5fdd87e8-f150-40ec-8570-8e3805521aad', 2),
  ('8eb4a811-d12b-420e-a0e5-6766e5098141', '6462f59b-56c6-46ce-b94b-b8a0e1520dce', '5fdd87e8-f150-40ec-8570-8e3805521aad', 3),
  ('1c2d0a7b-5c91-431e-afb2-53efd52a93c9', 'ba288f3b-6987-4b00-a84c-25d46a7a3d94', '5fdd87e8-f150-40ec-8570-8e3805521aad', 7),
  ('15abce90-4a07-4db7-b56c-026318864c9c', '579c88fc-3f75-4a07-be88-cd118d02b440', '5fdd87e8-f150-40ec-8570-8e3805521aad', 9),
  ('a4461248-917c-412f-b8eb-65ffd391756e', 'a7ec30c0-2ff1-4973-9501-fbf53a1eb3bc', '5fdd87e8-f150-40ec-8570-8e3805521aad', 2),
  ('41ac5982-8256-480c-bab6-7c7c1343a0c1', '7b1a6807-6f15-4cb1-9945-c34282324a6a', '5fdd87e8-f150-40ec-8570-8e3805521aad', 3),
  ('02db5ce6-2112-49fb-8ff2-6e076b1a2323', '114c3b51-88e5-4d83-868f-4a929856f830', '63fcfc79-7a91-463a-a75c-fbc930e4e767', 17),
  ('cb187219-f305-4ada-a0e1-5957c0c41262', 'c004ac94-7199-425c-bf9f-95d3796f8d3c', '63fcfc79-7a91-463a-a75c-fbc930e4e767', 2),
  ('84d8d991-8155-4bc3-b010-ef51f558433d', 'e989dde3-6cdd-4ce8-994b-945676adc166', '63fcfc79-7a91-463a-a75c-fbc930e4e767', 7),
  ('c2969dbc-0731-4473-a535-842a00822b95', '729a57ba-4251-4f0f-a531-7ea5922c0d47', '63fcfc79-7a91-463a-a75c-fbc930e4e767', 4),
  ('14bc71cd-8650-4033-a41d-9e47899ddbb8', '6b35ac0e-4579-491d-8798-5561aa68248c', '63fcfc79-7a91-463a-a75c-fbc930e4e767', 6),
  ('19818f10-33f4-4f91-acd6-d26abba0687a', '83beaa2e-8afb-4e7e-af47-9c9571306c4f', '63fcfc79-7a91-463a-a75c-fbc930e4e767', 1),
  ('71c3829a-f071-4364-9ac5-c95179128865', '310ad0cb-3756-4fce-82b0-2abcfa99325c', '63fcfc79-7a91-463a-a75c-fbc930e4e767', 8),
  ('b79364de-610f-4da5-acea-a28219e8ec3f', '276473b4-573f-4789-b9f4-38ec9c6417d7', '63fcfc79-7a91-463a-a75c-fbc930e4e767', 9),
  ('c2ce10bd-e2b7-472e-8446-1935f3bdf51f', '92ccb1dc-cfdc-45f7-9ffe-1aee12caf7b1', '63fcfc79-7a91-463a-a75c-fbc930e4e767', 6),
  ('1743e602-c421-4b8c-a585-f1f24856342c', 'efc47146-147b-41c5-b01e-dcbf9606d58f', '63fcfc79-7a91-463a-a75c-fbc930e4e767', 12),
  ('6d40fdee-b238-46c0-8dfb-baa5ba348b46', 'c5efe4bc-8129-48c1-ac9e-b93b12d90148', '63fcfc79-7a91-463a-a75c-fbc930e4e767', 3),
  ('7f3ac95b-007c-4598-aac9-ca693f74ffd5', 'c58b20d4-b99e-4e08-adc5-ff475611b094', '63fcfc79-7a91-463a-a75c-fbc930e4e767', 4),
  ('c1523f1c-ae92-4816-9d17-2302a52f983a', '2b6ad810-05e4-4b45-8780-f494c8488f2b', '63fcfc79-7a91-463a-a75c-fbc930e4e767', 5),
  ('afe9e1be-0203-4332-b6b9-c62a9ef7e7a5', '6462f59b-56c6-46ce-b94b-b8a0e1520dce', '63fcfc79-7a91-463a-a75c-fbc930e4e767', 4),
  ('0ba1c4e0-930f-437a-9bc1-7ad29ccb495a', 'ba288f3b-6987-4b00-a84c-25d46a7a3d94', '63fcfc79-7a91-463a-a75c-fbc930e4e767', 8),
  ('31ceff96-b399-4498-a070-73a8445d0a58', '579c88fc-3f75-4a07-be88-cd118d02b440', '63fcfc79-7a91-463a-a75c-fbc930e4e767', 8),
  ('795b53c6-2de9-4b04-bb20-09a514bdaf1e', 'a7ec30c0-2ff1-4973-9501-fbf53a1eb3bc', '63fcfc79-7a91-463a-a75c-fbc930e4e767', 7),
  ('bc00cc58-e8c5-4690-abaa-d2dc04b2d09a', '7b1a6807-6f15-4cb1-9945-c34282324a6a', '63fcfc79-7a91-463a-a75c-fbc930e4e767', 5),
  ('3bd8bdb7-59c1-44d4-a098-266305c13dc6', '729a57ba-4251-4f0f-a531-7ea5922c0d47', '5cf000b3-7332-4359-a835-19974a239612', 2),
  ('982e286c-37d0-40f1-b303-c55f5895d240', '6b35ac0e-4579-491d-8798-5561aa68248c', '5cf000b3-7332-4359-a835-19974a239612', 7),
  ('f0f9fd4d-4c75-4616-9fdb-25e377d856b4', 'c58b20d4-b99e-4e08-adc5-ff475611b094', '5cf000b3-7332-4359-a835-19974a239612', 7),
  ('7ffa8573-7ca9-4634-8285-4378f3e9b8b5', '2b6ad810-05e4-4b45-8780-f494c8488f2b', '5cf000b3-7332-4359-a835-19974a239612', 1),
  ('0bd22eb8-11a2-458e-8e64-c3b5feb4a9cb', '6462f59b-56c6-46ce-b94b-b8a0e1520dce', '5cf000b3-7332-4359-a835-19974a239612', 7),
  ('93d34c73-1e6f-43f4-aa99-809a83ce7502', 'ba288f3b-6987-4b00-a84c-25d46a7a3d94', '5cf000b3-7332-4359-a835-19974a239612', 4),
  ('84c08368-8963-47f4-9b83-1a13aa095b68', '579c88fc-3f75-4a07-be88-cd118d02b440', '5cf000b3-7332-4359-a835-19974a239612', 6),
  ('21fab833-821a-4fb3-afb8-b6e98499705e', 'a7ec30c0-2ff1-4973-9501-fbf53a1eb3bc', '5cf000b3-7332-4359-a835-19974a239612', 3),
  ('0a66d316-3fe0-422f-801c-f6457a128599', '7b1a6807-6f15-4cb1-9945-c34282324a6a', '5cf000b3-7332-4359-a835-19974a239612', 6),
  ('8e4897ec-5c82-4b30-b552-5d991b5a50c1', '114c3b51-88e5-4d83-868f-4a929856f830', '2e4498e7-a0eb-4cbb-9363-cceb792ed46c', 17),
  ('262a84bc-6965-4404-9ed1-eec441a31bd1', 'c004ac94-7199-425c-bf9f-95d3796f8d3c', '2e4498e7-a0eb-4cbb-9363-cceb792ed46c', 1),
  ('d15fd77c-ef08-4641-9546-8b6a0ed604b9', 'e989dde3-6cdd-4ce8-994b-945676adc166', '2e4498e7-a0eb-4cbb-9363-cceb792ed46c', 1),
  ('e951a596-5a89-488a-8eb9-d6527f29f7e9', '729a57ba-4251-4f0f-a531-7ea5922c0d47', '2e4498e7-a0eb-4cbb-9363-cceb792ed46c', 3),
  ('b18b3f43-c5b2-4a2b-b6b0-5ac85370a6bb', '6b35ac0e-4579-491d-8798-5561aa68248c', '2e4498e7-a0eb-4cbb-9363-cceb792ed46c', 8),
  ('b411e246-7469-476a-9ccc-0aa56054369c', '83beaa2e-8afb-4e7e-af47-9c9571306c4f', '2e4498e7-a0eb-4cbb-9363-cceb792ed46c', 5),
  ('5960c200-a92e-49f5-b324-2851acecf384', '310ad0cb-3756-4fce-82b0-2abcfa99325c', '2e4498e7-a0eb-4cbb-9363-cceb792ed46c', 1),
  ('2fc255f2-e189-421b-9123-a2d1c7241fe2', '276473b4-573f-4789-b9f4-38ec9c6417d7', '2e4498e7-a0eb-4cbb-9363-cceb792ed46c', 9),
  ('8a5725c7-52ff-40dd-be3c-ae336fd7355e', '92ccb1dc-cfdc-45f7-9ffe-1aee12caf7b1', '2e4498e7-a0eb-4cbb-9363-cceb792ed46c', 5),
  ('67c7fcdc-d53f-447f-ab45-e5a23c131c8d', 'efc47146-147b-41c5-b01e-dcbf9606d58f', '2e4498e7-a0eb-4cbb-9363-cceb792ed46c', 15),
  ('23df6aaf-0e9c-400f-ba48-cdb008d9335b', 'c5efe4bc-8129-48c1-ac9e-b93b12d90148', '2e4498e7-a0eb-4cbb-9363-cceb792ed46c', 2),
  ('1227a853-d734-4a49-84eb-2fff0085dda1', 'c58b20d4-b99e-4e08-adc5-ff475611b094', '2e4498e7-a0eb-4cbb-9363-cceb792ed46c', 6),
  ('b1b4034a-0bf3-4894-a7da-b55d70dac94e', '2b6ad810-05e4-4b45-8780-f494c8488f2b', '2e4498e7-a0eb-4cbb-9363-cceb792ed46c', 4),
  ('bb1b7c2a-3885-44af-9311-1d5e46cb925d', '6462f59b-56c6-46ce-b94b-b8a0e1520dce', '2e4498e7-a0eb-4cbb-9363-cceb792ed46c', 6),
  ('268c7eff-4e0c-49f9-b743-c3d8820a463d', 'ba288f3b-6987-4b00-a84c-25d46a7a3d94', '2e4498e7-a0eb-4cbb-9363-cceb792ed46c', 5),
  ('c955126e-b98a-4612-ba05-8fa7e6b0c0e1', '579c88fc-3f75-4a07-be88-cd118d02b440', '2e4498e7-a0eb-4cbb-9363-cceb792ed46c', 1),
  ('1e438d1c-f8ba-4dc4-8072-ee6a88b4cecb', 'a7ec30c0-2ff1-4973-9501-fbf53a1eb3bc', '2e4498e7-a0eb-4cbb-9363-cceb792ed46c', 5),
  ('6cb2e64b-d36a-4a88-b819-5d83be0304b7', '7b1a6807-6f15-4cb1-9945-c34282324a6a', '2e4498e7-a0eb-4cbb-9363-cceb792ed46c', 2);

-- 2020 participants
INSERT INTO participants (id, tournament_id, name, sort_order) VALUES
  ('eb1fa4e9-d468-4077-beab-6c82046b0368', '5703eec0-bbee-46cf-8bd3-9c5b0d7f7753', 'Odin', 1),
  ('d12599df-a762-465b-b2fd-7e5f62d2552c', '5703eec0-bbee-46cf-8bd3-9c5b0d7f7753', 'Even', 2),
  ('5710c20b-4e80-40f5-a837-6e27f3ab0857', '5703eec0-bbee-46cf-8bd3-9c5b0d7f7753', 'Morten', 3),
  ('21c6dd3b-96e9-4990-b600-86916a8dff88', '5703eec0-bbee-46cf-8bd3-9c5b0d7f7753', 'Eirik', 4),
  ('d499b5ac-5666-4cef-a748-9caad8a2d690', '5703eec0-bbee-46cf-8bd3-9c5b0d7f7753', 'Ådne', 5),
  ('8c1d6e0f-d388-420c-85a6-297b5d697bbb', '5703eec0-bbee-46cf-8bd3-9c5b0d7f7753', 'Martin', 6),
  ('7dd719be-dbea-459a-bb14-c3773a6c915d', '5703eec0-bbee-46cf-8bd3-9c5b0d7f7753', 'Edvart', 7),
  ('edf8cf67-1560-4f0a-820f-1e6387934ab6', '5703eec0-bbee-46cf-8bd3-9c5b0d7f7753', 'Halvdan', 8),
  ('e6996681-f2aa-4ebd-bc86-631ae56024c9', '5703eec0-bbee-46cf-8bd3-9c5b0d7f7753', 'Philip', 9),
  ('3d9902fd-dec9-44db-87e6-34b2a5c999eb', '5703eec0-bbee-46cf-8bd3-9c5b0d7f7753', 'Daniel', 10),
  ('99fac4b9-dfc2-408e-a70a-15afc020b8ff', '5703eec0-bbee-46cf-8bd3-9c5b0d7f7753', 'Bendik', 11),
  ('cacb4549-7204-48b9-9943-6a2da8362500', '5703eec0-bbee-46cf-8bd3-9c5b0d7f7753', 'Elias', 12),
  ('c5df2ef3-26b1-4bec-a1f5-1b2b41afd47f', '5703eec0-bbee-46cf-8bd3-9c5b0d7f7753', 'Ylja', 13);

-- 2020 events
INSERT INTO events (id, tournament_id, name, sort_order, day, is_hansa) VALUES
  ('5e6ceece-a3d7-48a2-91d9-e778a0b0946a', '5703eec0-bbee-46cf-8bd3-9c5b0d7f7753', 'Beer pong', 1, 'Fredag', true),
  ('4f4b9b6d-1f60-4bcd-84ff-4d00cde351d4', '5703eec0-bbee-46cf-8bd3-9c5b0d7f7753', 'Papirfly', 2, 'Fredag', false),
  ('4b845a3f-21a3-47b2-b81e-5db5d1493852', '5703eec0-bbee-46cf-8bd3-9c5b0d7f7753', 'Bomullsdotten', 3, 'Fredag', false),
  ('9b5ea48d-b7b6-40bf-b309-5d4a31f0bee4', '5703eec0-bbee-46cf-8bd3-9c5b0d7f7753', 'Wii-fekting', 4, 'Fredag', false),
  ('c415202e-9db6-44b8-a8da-0e046bccad91', '5703eec0-bbee-46cf-8bd3-9c5b0d7f7753', 'Bordtennis', 5, 'Lørdag', false),
  ('adf50aa2-ac20-461e-80f2-149684c36df4', '5703eec0-bbee-46cf-8bd3-9c5b0d7f7753', 'Løpeskyte', 6, 'Lørdag', false),
  ('0d40e7f6-de5e-4567-9d3b-581f8d02c70a', '5703eec0-bbee-46cf-8bd3-9c5b0d7f7753', 'Fosstafetten', 7, 'Lørdag', true),
  ('09861fbf-d830-45eb-8d90-6bcfdd5837a4', '5703eec0-bbee-46cf-8bd3-9c5b0d7f7753', 'Idealtid', 8, 'Lørdag', false),
  ('fe14fd0f-aa64-47a5-90e9-f9616001bfdb', '5703eec0-bbee-46cf-8bd3-9c5b0d7f7753', 'Tippelappen', 9, 'Lørdag', false),
  ('3f61d9b1-57d6-40a9-a04c-73dbf34ade5d', '5703eec0-bbee-46cf-8bd3-9c5b0d7f7753', 'Petanque', 10, 'Lørdag', false),
  ('f0ef3932-0bca-4618-909c-8e51d98db010', '5703eec0-bbee-46cf-8bd3-9c5b0d7f7753', 'Raffle', 11, 'Søndag', false),
  ('7229ee5c-a8e7-4f5c-b8c2-f7703156870f', '5703eec0-bbee-46cf-8bd3-9c5b0d7f7753', 'Bezzerwisser', 12, 'Søndag', false),
  ('efb9d81d-e166-4ff0-917a-b25564419f02', '5703eec0-bbee-46cf-8bd3-9c5b0d7f7753', 'Stein, saks, papir', 13, 'Søndag', false);

-- 2020 results
INSERT INTO results (id, event_id, participant_id, placement) VALUES
  ('1ea9a0cd-91cf-4dd6-a4b9-e9328b2378dd', '5e6ceece-a3d7-48a2-91d9-e778a0b0946a', 'eb1fa4e9-d468-4077-beab-6c82046b0368', 17),
  ('7a995991-d7eb-4c93-8542-671293af689c', '5e6ceece-a3d7-48a2-91d9-e778a0b0946a', 'd12599df-a762-465b-b2fd-7e5f62d2552c', 6),
  ('6a1963c0-0ea6-47a4-afe9-3ba7ac361241', '5e6ceece-a3d7-48a2-91d9-e778a0b0946a', '5710c20b-4e80-40f5-a837-6e27f3ab0857', 15),
  ('887985d9-a165-4f67-b218-963d72bcf2d1', '5e6ceece-a3d7-48a2-91d9-e778a0b0946a', '21c6dd3b-96e9-4990-b600-86916a8dff88', 6),
  ('511fc048-dfb7-423b-9644-14af2db6a74c', '5e6ceece-a3d7-48a2-91d9-e778a0b0946a', 'd499b5ac-5666-4cef-a748-9caad8a2d690', 3),
  ('2c4141f6-9f1c-4df5-804b-852c21545eec', '5e6ceece-a3d7-48a2-91d9-e778a0b0946a', '8c1d6e0f-d388-420c-85a6-297b5d697bbb', 15),
  ('8ada3866-6fd8-493f-803f-568d9d640d7c', '5e6ceece-a3d7-48a2-91d9-e778a0b0946a', 'edf8cf67-1560-4f0a-820f-1e6387934ab6', 17),
  ('017535b8-6a17-486b-bc7c-9a5580131751', '5e6ceece-a3d7-48a2-91d9-e778a0b0946a', 'e6996681-f2aa-4ebd-bc86-631ae56024c9', 9),
  ('1a2b9a76-aa2d-416c-b048-02a52eaf6ae9', '5e6ceece-a3d7-48a2-91d9-e778a0b0946a', '3d9902fd-dec9-44db-87e6-34b2a5c999eb', 9),
  ('1cd97bf0-c942-42b5-82a9-f5526c5e6e08', '5e6ceece-a3d7-48a2-91d9-e778a0b0946a', '99fac4b9-dfc2-408e-a70a-15afc020b8ff', 12),
  ('7185e77f-73c0-4698-bbd0-31ca31bec215', '5e6ceece-a3d7-48a2-91d9-e778a0b0946a', 'cacb4549-7204-48b9-9943-6a2da8362500', 12),
  ('8d3a578d-7bce-4890-874b-7b5ad99d39e5', '5e6ceece-a3d7-48a2-91d9-e778a0b0946a', 'c5df2ef3-26b1-4bec-a1f5-1b2b41afd47f', 3),
  ('1382ee74-c739-4b9d-84ad-8480c82c5eb0', '4f4b9b6d-1f60-4bcd-84ff-4d00cde351d4', 'eb1fa4e9-d468-4077-beab-6c82046b0368', 8),
  ('5385ffa4-3801-45f7-ad58-899840db2e46', '4f4b9b6d-1f60-4bcd-84ff-4d00cde351d4', 'd12599df-a762-465b-b2fd-7e5f62d2552c', 7),
  ('e68f3607-d093-449c-a61a-7d8496139793', '4f4b9b6d-1f60-4bcd-84ff-4d00cde351d4', '5710c20b-4e80-40f5-a837-6e27f3ab0857', 9),
  ('071de899-e598-4fc5-b2fa-4bd65af31ccf', '4f4b9b6d-1f60-4bcd-84ff-4d00cde351d4', '21c6dd3b-96e9-4990-b600-86916a8dff88', 10),
  ('f3609fe1-4d73-4669-9712-8be09270d8d7', '4f4b9b6d-1f60-4bcd-84ff-4d00cde351d4', 'd499b5ac-5666-4cef-a748-9caad8a2d690', 11),
  ('390caac0-1135-49ad-8b94-f58fcde9927c', '4f4b9b6d-1f60-4bcd-84ff-4d00cde351d4', '8c1d6e0f-d388-420c-85a6-297b5d697bbb', 1),
  ('c7b23625-8f38-4240-8e25-98f2353bb232', '4f4b9b6d-1f60-4bcd-84ff-4d00cde351d4', '7dd719be-dbea-459a-bb14-c3773a6c915d', 13),
  ('0ee6e659-b197-4491-b5f3-3b31b620ee35', '4f4b9b6d-1f60-4bcd-84ff-4d00cde351d4', 'edf8cf67-1560-4f0a-820f-1e6387934ab6', 6),
  ('ccc15eeb-d8ff-4131-b82e-73bcf479cb94', '4f4b9b6d-1f60-4bcd-84ff-4d00cde351d4', 'e6996681-f2aa-4ebd-bc86-631ae56024c9', 4),
  ('5c3f1584-25e8-4f8e-a35a-a1139d2bca84', '4f4b9b6d-1f60-4bcd-84ff-4d00cde351d4', '3d9902fd-dec9-44db-87e6-34b2a5c999eb', 3),
  ('ddd3df8a-1e0d-430c-b293-a08dabd3ca6e', '4f4b9b6d-1f60-4bcd-84ff-4d00cde351d4', '99fac4b9-dfc2-408e-a70a-15afc020b8ff', 5),
  ('04d4ebef-c5e4-40d3-8b7a-05b5eeeb71a9', '4f4b9b6d-1f60-4bcd-84ff-4d00cde351d4', 'cacb4549-7204-48b9-9943-6a2da8362500', 2),
  ('e6c92a2d-3a5f-48d5-832b-d866cb9fc61a', '4f4b9b6d-1f60-4bcd-84ff-4d00cde351d4', 'c5df2ef3-26b1-4bec-a1f5-1b2b41afd47f', 12),
  ('8eb91157-efde-4d91-bc04-784ae2fe8835', '4b845a3f-21a3-47b2-b81e-5db5d1493852', 'eb1fa4e9-d468-4077-beab-6c82046b0368', 3),
  ('75610b55-c968-421c-b991-9ea173b6c769', '4b845a3f-21a3-47b2-b81e-5db5d1493852', 'd12599df-a762-465b-b2fd-7e5f62d2552c', 12),
  ('1fe73720-59cf-46c5-914e-426e99273dfd', '4b845a3f-21a3-47b2-b81e-5db5d1493852', '5710c20b-4e80-40f5-a837-6e27f3ab0857', 6),
  ('5a87b7b2-ba77-498d-b262-9b8a9e07586a', '4b845a3f-21a3-47b2-b81e-5db5d1493852', '21c6dd3b-96e9-4990-b600-86916a8dff88', 2),
  ('8c50d1d4-3820-4e11-b6f5-a25a18d3e5ea', '4b845a3f-21a3-47b2-b81e-5db5d1493852', 'd499b5ac-5666-4cef-a748-9caad8a2d690', 13),
  ('d60615ce-a4ab-4b72-a475-caa18984e496', '4b845a3f-21a3-47b2-b81e-5db5d1493852', '8c1d6e0f-d388-420c-85a6-297b5d697bbb', 1),
  ('123585fe-3c19-4950-8c65-fb22451876dc', '4b845a3f-21a3-47b2-b81e-5db5d1493852', '7dd719be-dbea-459a-bb14-c3773a6c915d', 11),
  ('860cb58f-b5bb-42ac-b646-9a9d5dc6e0fe', '4b845a3f-21a3-47b2-b81e-5db5d1493852', 'edf8cf67-1560-4f0a-820f-1e6387934ab6', 4),
  ('f632de3d-28e3-4852-add2-c198a76be6e8', '4b845a3f-21a3-47b2-b81e-5db5d1493852', 'e6996681-f2aa-4ebd-bc86-631ae56024c9', 7),
  ('305675d7-5c04-445a-927a-4b322220c6d5', '4b845a3f-21a3-47b2-b81e-5db5d1493852', '3d9902fd-dec9-44db-87e6-34b2a5c999eb', 5),
  ('a97329a4-58dd-4178-9486-d1bdea051ab7', '4b845a3f-21a3-47b2-b81e-5db5d1493852', '99fac4b9-dfc2-408e-a70a-15afc020b8ff', 10),
  ('799ab053-cfea-41ca-a705-a4d214eceb36', '4b845a3f-21a3-47b2-b81e-5db5d1493852', 'cacb4549-7204-48b9-9943-6a2da8362500', 8),
  ('bbdaf78e-c89f-407d-befa-76b8474224fa', '4b845a3f-21a3-47b2-b81e-5db5d1493852', 'c5df2ef3-26b1-4bec-a1f5-1b2b41afd47f', 9),
  ('25ed4237-2880-4289-a4cf-fd2b47f23966', '9b5ea48d-b7b6-40bf-b309-5d4a31f0bee4', 'eb1fa4e9-d468-4077-beab-6c82046b0368', 7),
  ('658b2cb8-3242-407a-9030-fc0cd364fbdd', '9b5ea48d-b7b6-40bf-b309-5d4a31f0bee4', 'd12599df-a762-465b-b2fd-7e5f62d2552c', 6),
  ('d3af57b7-3fb0-4164-aecc-2c85e671075e', '9b5ea48d-b7b6-40bf-b309-5d4a31f0bee4', '5710c20b-4e80-40f5-a837-6e27f3ab0857', 13),
  ('eda7277d-fde6-4df7-a9d1-d85a12aae3ca', '9b5ea48d-b7b6-40bf-b309-5d4a31f0bee4', '21c6dd3b-96e9-4990-b600-86916a8dff88', 3),
  ('01a3313d-2efc-4d1e-b44d-3b1e3d7fa63f', '9b5ea48d-b7b6-40bf-b309-5d4a31f0bee4', 'd499b5ac-5666-4cef-a748-9caad8a2d690', 12),
  ('e93aa530-4579-468b-8f43-0f70a928fc73', '9b5ea48d-b7b6-40bf-b309-5d4a31f0bee4', '8c1d6e0f-d388-420c-85a6-297b5d697bbb', 8),
  ('06e52726-6f19-4a01-b6b3-3e9f0dd7c58e', '9b5ea48d-b7b6-40bf-b309-5d4a31f0bee4', '7dd719be-dbea-459a-bb14-c3773a6c915d', 4),
  ('1b6cedb0-1305-4073-b8dd-d6e707ac363b', '9b5ea48d-b7b6-40bf-b309-5d4a31f0bee4', 'edf8cf67-1560-4f0a-820f-1e6387934ab6', 5),
  ('6f4dbaeb-ffee-45da-af00-c9366db24bee', '9b5ea48d-b7b6-40bf-b309-5d4a31f0bee4', 'e6996681-f2aa-4ebd-bc86-631ae56024c9', 1),
  ('5f2aba7d-03f4-4b2d-a708-b57bd97b6019', '9b5ea48d-b7b6-40bf-b309-5d4a31f0bee4', '3d9902fd-dec9-44db-87e6-34b2a5c999eb', 9),
  ('054bdbaf-9a34-41f0-90ec-b8f028152334', '9b5ea48d-b7b6-40bf-b309-5d4a31f0bee4', '99fac4b9-dfc2-408e-a70a-15afc020b8ff', 11),
  ('3c44129e-4b64-4b3b-a79c-d529175e218d', '9b5ea48d-b7b6-40bf-b309-5d4a31f0bee4', 'cacb4549-7204-48b9-9943-6a2da8362500', 10),
  ('925fd86b-054b-42f5-bccf-16a4cea6e868', '9b5ea48d-b7b6-40bf-b309-5d4a31f0bee4', 'c5df2ef3-26b1-4bec-a1f5-1b2b41afd47f', 2),
  ('d5c5fb8e-f84b-4988-8bd1-8076d32aab36', 'c415202e-9db6-44b8-a8da-0e046bccad91', 'eb1fa4e9-d468-4077-beab-6c82046b0368', 2),
  ('a9f14bce-394b-4cd5-ae9f-4df574ae23a1', 'c415202e-9db6-44b8-a8da-0e046bccad91', '5710c20b-4e80-40f5-a837-6e27f3ab0857', 10),
  ('ce973a76-e90d-4847-9f16-5e8e9c8b067a', 'c415202e-9db6-44b8-a8da-0e046bccad91', '21c6dd3b-96e9-4990-b600-86916a8dff88', 5),
  ('23959463-dfc1-4db7-b9d6-29c4c3f95533', 'c415202e-9db6-44b8-a8da-0e046bccad91', 'd499b5ac-5666-4cef-a748-9caad8a2d690', 9),
  ('717fda57-0561-45c7-8329-12b50e2c3c2a', 'c415202e-9db6-44b8-a8da-0e046bccad91', '8c1d6e0f-d388-420c-85a6-297b5d697bbb', 1),
  ('66ba8cea-358b-4aae-b370-d09b36e18e0d', 'c415202e-9db6-44b8-a8da-0e046bccad91', '7dd719be-dbea-459a-bb14-c3773a6c915d', 8),
  ('d5ad3d5f-6ba5-4a7c-bd74-d3f88a204646', 'c415202e-9db6-44b8-a8da-0e046bccad91', 'edf8cf67-1560-4f0a-820f-1e6387934ab6', 7),
  ('1c9eafb1-16c5-4836-ba83-e63384520d89', 'c415202e-9db6-44b8-a8da-0e046bccad91', '3d9902fd-dec9-44db-87e6-34b2a5c999eb', 3),
  ('94f96839-4616-42d7-828a-e9b272bcbc73', 'c415202e-9db6-44b8-a8da-0e046bccad91', '99fac4b9-dfc2-408e-a70a-15afc020b8ff', 4),
  ('1f2806cd-982f-4cc1-8d6e-f0a14e974761', 'c415202e-9db6-44b8-a8da-0e046bccad91', 'cacb4549-7204-48b9-9943-6a2da8362500', 6),
  ('1f3b4a7a-a03b-49fa-8ba5-9eea40d7637f', 'adf50aa2-ac20-461e-80f2-149684c36df4', 'eb1fa4e9-d468-4077-beab-6c82046b0368', 7),
  ('bfb91ab4-b8d4-4613-89eb-1d9132034b81', 'adf50aa2-ac20-461e-80f2-149684c36df4', '5710c20b-4e80-40f5-a837-6e27f3ab0857', 6),
  ('54185326-bad7-4266-b240-92f0ab5bfc29', 'adf50aa2-ac20-461e-80f2-149684c36df4', '21c6dd3b-96e9-4990-b600-86916a8dff88', 4),
  ('1ce07d31-807c-43ad-a052-d8660a95c234', 'adf50aa2-ac20-461e-80f2-149684c36df4', 'd499b5ac-5666-4cef-a748-9caad8a2d690', 1),
  ('9dd6f6ae-0b6c-4d6f-8cfa-283cddbd61b3', 'adf50aa2-ac20-461e-80f2-149684c36df4', '8c1d6e0f-d388-420c-85a6-297b5d697bbb', 2),
  ('972cd62f-5bff-4ad9-8e3b-2023dbd2f5ac', 'adf50aa2-ac20-461e-80f2-149684c36df4', '7dd719be-dbea-459a-bb14-c3773a6c915d', 9),
  ('8071e29a-daf1-4161-aed3-48c351571e6c', 'adf50aa2-ac20-461e-80f2-149684c36df4', 'edf8cf67-1560-4f0a-820f-1e6387934ab6', 3),
  ('b9a68d39-2517-4790-96fe-95d06e1b67fd', 'adf50aa2-ac20-461e-80f2-149684c36df4', '3d9902fd-dec9-44db-87e6-34b2a5c999eb', 5),
  ('619a383e-e8e0-4a2c-9b48-de6acad2c937', 'adf50aa2-ac20-461e-80f2-149684c36df4', '99fac4b9-dfc2-408e-a70a-15afc020b8ff', 8),
  ('15586c0e-b8ff-4b82-b9eb-9f40250b932e', 'adf50aa2-ac20-461e-80f2-149684c36df4', 'cacb4549-7204-48b9-9943-6a2da8362500', 10),
  ('63dca4c9-7b9a-4bbd-a9da-6399e50a1ea5', '0d40e7f6-de5e-4567-9d3b-581f8d02c70a', 'eb1fa4e9-d468-4077-beab-6c82046b0368', 6),
  ('bef522fd-2bda-421a-bb13-243b5f6b503a', '0d40e7f6-de5e-4567-9d3b-581f8d02c70a', '5710c20b-4e80-40f5-a837-6e27f3ab0857', 17),
  ('0d4d20e8-4857-49b0-bc5e-fe25ab278c09', '0d40e7f6-de5e-4567-9d3b-581f8d02c70a', '21c6dd3b-96e9-4990-b600-86916a8dff88', 9),
  ('78dcd07b-2c29-4d70-ad5e-fd05503979e9', '0d40e7f6-de5e-4567-9d3b-581f8d02c70a', 'd499b5ac-5666-4cef-a748-9caad8a2d690', 12),
  ('0e8ecae9-fe7d-46b3-8439-d97c2f3a5daf', '0d40e7f6-de5e-4567-9d3b-581f8d02c70a', '8c1d6e0f-d388-420c-85a6-297b5d697bbb', 17),
  ('4c734189-ee21-439c-b85b-bce3b6bf9ea6', '0d40e7f6-de5e-4567-9d3b-581f8d02c70a', '7dd719be-dbea-459a-bb14-c3773a6c915d', 12),
  ('4295f333-d747-4368-915f-a8f3a3ea35f7', '0d40e7f6-de5e-4567-9d3b-581f8d02c70a', 'edf8cf67-1560-4f0a-820f-1e6387934ab6', 15),
  ('b713635e-9758-4784-8542-d8d24ecf5e89', '0d40e7f6-de5e-4567-9d3b-581f8d02c70a', '3d9902fd-dec9-44db-87e6-34b2a5c999eb', 15),
  ('7fe3565d-77ea-4556-bfa7-8cb1b88aa086', '0d40e7f6-de5e-4567-9d3b-581f8d02c70a', '99fac4b9-dfc2-408e-a70a-15afc020b8ff', 6),
  ('d2a45eb4-2573-487a-8695-058892e53aca', '0d40e7f6-de5e-4567-9d3b-581f8d02c70a', 'cacb4549-7204-48b9-9943-6a2da8362500', 9),
  ('27cac9c4-d61e-400d-83ab-22b36a69a695', '09861fbf-d830-45eb-8d90-6bcfdd5837a4', 'eb1fa4e9-d468-4077-beab-6c82046b0368', 7),
  ('bdfb894f-98fc-4384-97d9-4c08332d9a65', '09861fbf-d830-45eb-8d90-6bcfdd5837a4', '21c6dd3b-96e9-4990-b600-86916a8dff88', 9),
  ('288552c5-68f9-453e-bed5-73aa233bf88b', '09861fbf-d830-45eb-8d90-6bcfdd5837a4', 'd499b5ac-5666-4cef-a748-9caad8a2d690', 6),
  ('c0d51107-a6be-43dd-adca-3fbf7e749d86', '09861fbf-d830-45eb-8d90-6bcfdd5837a4', '8c1d6e0f-d388-420c-85a6-297b5d697bbb', 3),
  ('663d5504-622e-4d51-a9fe-4b1d17794509', '09861fbf-d830-45eb-8d90-6bcfdd5837a4', '7dd719be-dbea-459a-bb14-c3773a6c915d', 2),
  ('14850e56-8a4a-41b0-9ade-8bc986669b15', '09861fbf-d830-45eb-8d90-6bcfdd5837a4', 'edf8cf67-1560-4f0a-820f-1e6387934ab6', 1),
  ('d898f14a-c87c-4719-bdb3-02eaecf14013', '09861fbf-d830-45eb-8d90-6bcfdd5837a4', 'e6996681-f2aa-4ebd-bc86-631ae56024c9', 4),
  ('14ebfd39-e7f3-4406-acdc-fd50d32fcb46', '09861fbf-d830-45eb-8d90-6bcfdd5837a4', '3d9902fd-dec9-44db-87e6-34b2a5c999eb', 8),
  ('50a180b8-dbdb-45eb-974b-686966767daf', '09861fbf-d830-45eb-8d90-6bcfdd5837a4', '99fac4b9-dfc2-408e-a70a-15afc020b8ff', 5),
  ('9ca918a6-a6e3-4b2f-b834-8cbff79960b1', '09861fbf-d830-45eb-8d90-6bcfdd5837a4', 'cacb4549-7204-48b9-9943-6a2da8362500', 10),
  ('3ce8a931-a743-44a5-bcc5-3069b6759aa4', 'fe14fd0f-aa64-47a5-90e9-f9616001bfdb', 'eb1fa4e9-d468-4077-beab-6c82046b0368', 3),
  ('6ff54fe4-023f-43db-b1c4-54b2e1d8c23f', 'fe14fd0f-aa64-47a5-90e9-f9616001bfdb', '5710c20b-4e80-40f5-a837-6e27f3ab0857', 1),
  ('7dce5a05-c1e6-4312-8be9-98db6b046f03', 'fe14fd0f-aa64-47a5-90e9-f9616001bfdb', '21c6dd3b-96e9-4990-b600-86916a8dff88', 3),
  ('a66aac97-94ed-49d7-a273-10313763351c', 'fe14fd0f-aa64-47a5-90e9-f9616001bfdb', 'd499b5ac-5666-4cef-a748-9caad8a2d690', 7),
  ('43a40e16-a359-44ad-96db-a0e6294d90f7', 'fe14fd0f-aa64-47a5-90e9-f9616001bfdb', '8c1d6e0f-d388-420c-85a6-297b5d697bbb', 3),
  ('402b8cd9-66d3-464f-bf49-2c00677fe91e', 'fe14fd0f-aa64-47a5-90e9-f9616001bfdb', '7dd719be-dbea-459a-bb14-c3773a6c915d', 1),
  ('575134e6-24f1-4bd0-a709-6e9c0c818b43', 'fe14fd0f-aa64-47a5-90e9-f9616001bfdb', 'edf8cf67-1560-4f0a-820f-1e6387934ab6', 7),
  ('0ae749e0-c63b-4efc-b426-0a48a155c19f', 'fe14fd0f-aa64-47a5-90e9-f9616001bfdb', 'e6996681-f2aa-4ebd-bc86-631ae56024c9', 7),
  ('98cb1034-d09e-4ff2-9dd0-68814500a0dc', 'fe14fd0f-aa64-47a5-90e9-f9616001bfdb', '3d9902fd-dec9-44db-87e6-34b2a5c999eb', 10),
  ('fc1df14a-d3ee-4f7d-860c-ecaa048472fe', 'fe14fd0f-aa64-47a5-90e9-f9616001bfdb', '99fac4b9-dfc2-408e-a70a-15afc020b8ff', 10),
  ('d0889c2d-7c60-4f57-96b6-ca949d6ef964', 'fe14fd0f-aa64-47a5-90e9-f9616001bfdb', 'cacb4549-7204-48b9-9943-6a2da8362500', 3),
  ('47bead7d-0b5d-4139-93d1-7026cdeffb55', '3f61d9b1-57d6-40a9-a04c-73dbf34ade5d', 'eb1fa4e9-d468-4077-beab-6c82046b0368', 9),
  ('ea539f66-1185-48d4-84eb-c87dcfa0bcd1', '3f61d9b1-57d6-40a9-a04c-73dbf34ade5d', '5710c20b-4e80-40f5-a837-6e27f3ab0857', 8),
  ('bc744058-5bcc-4458-960a-f24ab4780288', '3f61d9b1-57d6-40a9-a04c-73dbf34ade5d', '21c6dd3b-96e9-4990-b600-86916a8dff88', 7),
  ('f55b277d-8293-472e-9548-d318f0e25a52', '3f61d9b1-57d6-40a9-a04c-73dbf34ade5d', 'd499b5ac-5666-4cef-a748-9caad8a2d690', 6),
  ('67121c79-cdf2-4810-8261-2cc65b2dd68d', '3f61d9b1-57d6-40a9-a04c-73dbf34ade5d', '8c1d6e0f-d388-420c-85a6-297b5d697bbb', 2),
  ('f84dd381-b5ae-4bc4-a297-0179c32bd75f', '3f61d9b1-57d6-40a9-a04c-73dbf34ade5d', '7dd719be-dbea-459a-bb14-c3773a6c915d', 4),
  ('b3a48d94-aa99-4016-acc9-94c2db42c6a4', '3f61d9b1-57d6-40a9-a04c-73dbf34ade5d', 'edf8cf67-1560-4f0a-820f-1e6387934ab6', 3),
  ('5c744e5d-9b0a-41a8-ab65-7b8f7ccf090a', '3f61d9b1-57d6-40a9-a04c-73dbf34ade5d', 'e6996681-f2aa-4ebd-bc86-631ae56024c9', 10),
  ('a6986665-48ce-4086-99aa-5d018e499a6e', '3f61d9b1-57d6-40a9-a04c-73dbf34ade5d', '3d9902fd-dec9-44db-87e6-34b2a5c999eb', 5),
  ('e68c49d8-a0f6-419e-b348-b8cfb3a5a6ed', '3f61d9b1-57d6-40a9-a04c-73dbf34ade5d', '99fac4b9-dfc2-408e-a70a-15afc020b8ff', 1),
  ('51c86f63-46bb-4dbe-a059-fa1c219cb745', '3f61d9b1-57d6-40a9-a04c-73dbf34ade5d', 'cacb4549-7204-48b9-9943-6a2da8362500', 11),
  ('70dc3867-8399-48bd-bd87-4c9d4772bf99', 'f0ef3932-0bca-4618-909c-8e51d98db010', 'eb1fa4e9-d468-4077-beab-6c82046b0368', 7),
  ('0fadb816-eafc-4045-a7f6-9fbed8c7bfc1', 'f0ef3932-0bca-4618-909c-8e51d98db010', 'd12599df-a762-465b-b2fd-7e5f62d2552c', 1),
  ('15b19462-df8f-4285-a179-1382368dc88b', 'f0ef3932-0bca-4618-909c-8e51d98db010', '21c6dd3b-96e9-4990-b600-86916a8dff88', 5),
  ('48671883-9357-443b-9856-cc810e8155ee', 'f0ef3932-0bca-4618-909c-8e51d98db010', 'd499b5ac-5666-4cef-a748-9caad8a2d690', 3),
  ('6e06facb-5cd2-4598-aacb-98931883e5ff', 'f0ef3932-0bca-4618-909c-8e51d98db010', '8c1d6e0f-d388-420c-85a6-297b5d697bbb', 2),
  ('7168df81-42b3-4f5d-bd6e-11015e231dc4', 'f0ef3932-0bca-4618-909c-8e51d98db010', '7dd719be-dbea-459a-bb14-c3773a6c915d', 6),
  ('62effcaa-b338-48b2-9c0a-59d49d856e0b', 'f0ef3932-0bca-4618-909c-8e51d98db010', 'edf8cf67-1560-4f0a-820f-1e6387934ab6', 4),
  ('23985ef8-da1d-413f-b8fd-0530251659bb', 'f0ef3932-0bca-4618-909c-8e51d98db010', '3d9902fd-dec9-44db-87e6-34b2a5c999eb', 8),
  ('d06596c5-fb4f-4719-8e7c-8bbc127c75db', 'f0ef3932-0bca-4618-909c-8e51d98db010', '99fac4b9-dfc2-408e-a70a-15afc020b8ff', 10),
  ('c963f34e-a0ef-44ce-ac7e-2b65a1cf260e', 'f0ef3932-0bca-4618-909c-8e51d98db010', 'cacb4549-7204-48b9-9943-6a2da8362500', 9),
  ('38899eda-8208-43fa-a9f8-ea83fadb5f8a', '7229ee5c-a8e7-4f5c-b8c2-f7703156870f', 'eb1fa4e9-d468-4077-beab-6c82046b0368', 8),
  ('4182907d-6bdf-48d9-9005-6a6e5ecd1701', '7229ee5c-a8e7-4f5c-b8c2-f7703156870f', '21c6dd3b-96e9-4990-b600-86916a8dff88', 6),
  ('793dd218-7474-4b77-bade-4b47b43e28bf', '7229ee5c-a8e7-4f5c-b8c2-f7703156870f', '8c1d6e0f-d388-420c-85a6-297b5d697bbb', 5),
  ('7cdbdfa4-7385-49a0-b8ba-58ceb525876b', '7229ee5c-a8e7-4f5c-b8c2-f7703156870f', '7dd719be-dbea-459a-bb14-c3773a6c915d', 2),
  ('45be63f2-b2bf-490b-86c1-a8a40852c628', '7229ee5c-a8e7-4f5c-b8c2-f7703156870f', 'edf8cf67-1560-4f0a-820f-1e6387934ab6', 1),
  ('071d8a52-d064-4837-86ce-e87833e6e882', '7229ee5c-a8e7-4f5c-b8c2-f7703156870f', '3d9902fd-dec9-44db-87e6-34b2a5c999eb', 2),
  ('ad53598a-d48e-44bd-85ef-69b83ae00339', '7229ee5c-a8e7-4f5c-b8c2-f7703156870f', '99fac4b9-dfc2-408e-a70a-15afc020b8ff', 4),
  ('8b64d73f-8adc-4b8a-944e-882506dc653b', '7229ee5c-a8e7-4f5c-b8c2-f7703156870f', 'cacb4549-7204-48b9-9943-6a2da8362500', 7),
  ('3fbb5a84-3c22-4ace-abe3-5e5550998d35', 'efb9d81d-e166-4ff0-917a-b25564419f02', 'eb1fa4e9-d468-4077-beab-6c82046b0368', 10),
  ('6329e607-ca99-4166-bdbd-ba82f3660d17', 'efb9d81d-e166-4ff0-917a-b25564419f02', 'd12599df-a762-465b-b2fd-7e5f62d2552c', 9),
  ('299c5ae6-80d2-4585-b26c-3a48a84b97ee', 'efb9d81d-e166-4ff0-917a-b25564419f02', '21c6dd3b-96e9-4990-b600-86916a8dff88', 4),
  ('da5b3130-082f-4666-9828-31de3d5ed9e3', 'efb9d81d-e166-4ff0-917a-b25564419f02', 'd499b5ac-5666-4cef-a748-9caad8a2d690', 3),
  ('281a8c35-bf34-4dbf-940c-d22e13eed4e0', 'efb9d81d-e166-4ff0-917a-b25564419f02', '8c1d6e0f-d388-420c-85a6-297b5d697bbb', 8),
  ('b8e20a67-a9e7-418f-aa84-99a6c859ab1a', 'efb9d81d-e166-4ff0-917a-b25564419f02', '7dd719be-dbea-459a-bb14-c3773a6c915d', 5),
  ('256e1c99-2d92-4f00-b981-620b7d03169e', 'efb9d81d-e166-4ff0-917a-b25564419f02', 'edf8cf67-1560-4f0a-820f-1e6387934ab6', 6),
  ('52bc1dc7-0366-4183-9daa-f3a26f3aeeab', 'efb9d81d-e166-4ff0-917a-b25564419f02', '3d9902fd-dec9-44db-87e6-34b2a5c999eb', 2),
  ('7a1d8b69-4c29-4715-a97c-ff8edf39fbe9', 'efb9d81d-e166-4ff0-917a-b25564419f02', '99fac4b9-dfc2-408e-a70a-15afc020b8ff', 1),
  ('d5f13541-86a0-4bc6-98d0-830f9d65efe6', 'efb9d81d-e166-4ff0-917a-b25564419f02', 'cacb4549-7204-48b9-9943-6a2da8362500', 7);

-- 2021 participants
INSERT INTO participants (id, tournament_id, name, sort_order) VALUES
  ('1d2aff59-7649-4385-b42d-ab41b3a7c52c', '1f712c6a-53e0-455a-a1b2-6fde58dad9b3', 'Odin', 1),
  ('81c5f63d-3820-4639-bf3a-50eeb2ca9308', '1f712c6a-53e0-455a-a1b2-6fde58dad9b3', 'Even', 2),
  ('c4e25e81-eb72-438c-a25b-0e8b6936b49e', '1f712c6a-53e0-455a-a1b2-6fde58dad9b3', 'Morten', 3),
  ('28b386c4-9230-4839-91b7-39aac528e973', '1f712c6a-53e0-455a-a1b2-6fde58dad9b3', 'Eirik', 4),
  ('21f6a88e-d094-4324-aaba-ba2161c048a2', '1f712c6a-53e0-455a-a1b2-6fde58dad9b3', 'Martin', 5),
  ('7bd62fb0-75ab-47a9-afd1-8c97871079dd', '1f712c6a-53e0-455a-a1b2-6fde58dad9b3', 'Edvart', 6),
  ('de49f1e3-d14c-48b0-b155-bec491124d58', '1f712c6a-53e0-455a-a1b2-6fde58dad9b3', 'Halvdan', 7),
  ('c93d6b1b-fd47-4148-a79d-dfad498f3325', '1f712c6a-53e0-455a-a1b2-6fde58dad9b3', 'Philip', 8),
  ('c0531630-8246-4842-9fc9-bc2f5ddb09b9', '1f712c6a-53e0-455a-a1b2-6fde58dad9b3', 'Daniel', 9),
  ('529999d2-1130-4b3f-abe3-0df94074e9bb', '1f712c6a-53e0-455a-a1b2-6fde58dad9b3', 'Bendik', 10),
  ('e5ecc9a9-b3dd-41ae-8c62-85d37d37a3a5', '1f712c6a-53e0-455a-a1b2-6fde58dad9b3', 'Elias', 11);

-- 2021 events
INSERT INTO events (id, tournament_id, name, sort_order, day, is_hansa) VALUES
  ('732ece69-c531-4674-b44c-d825d2059045', '1f712c6a-53e0-455a-a1b2-6fde58dad9b3', 'Beer pong', 1, 'Fredag', true),
  ('816bcb70-1b30-41b9-a3ee-4c7d720b7c61', '1f712c6a-53e0-455a-a1b2-6fde58dad9b3', 'Gnav', 2, 'Fredag', false),
  ('79c8a9dc-c2b7-46b4-83a0-cdf261e0daac', '1f712c6a-53e0-455a-a1b2-6fde58dad9b3', 'Papirfly', 3, 'Fredag', false),
  ('7fd630b1-b1b9-41af-9a2a-251cc6bb45e1', '1f712c6a-53e0-455a-a1b2-6fde58dad9b3', 'Ultrakubb', 4, 'Fredag', true),
  ('21ded70b-2096-42c9-b70b-39629092c7de', '1f712c6a-53e0-455a-a1b2-6fde58dad9b3', 'Bordtennis', 5, 'Lørdag', false),
  ('ef6b9cb6-6fc4-4797-9de4-e3442d962407', '1f712c6a-53e0-455a-a1b2-6fde58dad9b3', 'Petanque', 6, 'Lørdag', false),
  ('c6814d6e-4f45-4704-8c56-5f45d5fe3e16', '1f712c6a-53e0-455a-a1b2-6fde58dad9b3', 'Idealtid', 7, 'Lørdag', false),
  ('f49d2fd2-39e0-481e-a15a-969aacfa743c', '1f712c6a-53e0-455a-a1b2-6fde58dad9b3', 'Fyllefotball', 8, 'Lørdag', true),
  ('d376d219-9568-430a-bd50-4f4c18bed33b', '1f712c6a-53e0-455a-a1b2-6fde58dad9b3', 'Løpeskyte', 9, 'Søndag', false),
  ('9083b2cc-4c14-4707-bbf9-480ba7403bd7', '1f712c6a-53e0-455a-a1b2-6fde58dad9b3', 'Volleyball', 10, 'Søndag', true),
  ('ee886031-df54-400b-8870-6aa6c7772d50', '1f712c6a-53e0-455a-a1b2-6fde58dad9b3', 'Fordeleren', 11, 'Søndag', false),
  ('e6e07c25-de71-4661-885c-983cdfdb2f81', '1f712c6a-53e0-455a-a1b2-6fde58dad9b3', 'Stein, saks, papir', 12, 'Søndag', false);

-- 2021 results
INSERT INTO results (id, event_id, participant_id, placement) VALUES
  ('ce29ec7b-8b11-4184-adc1-a109aa9ae8a7', '732ece69-c531-4674-b44c-d825d2059045', 'de49f1e3-d14c-48b0-b155-bec491124d58', 17),
  ('9d8915e8-ea69-4464-8e41-d51d2cab805d', '732ece69-c531-4674-b44c-d825d2059045', '529999d2-1130-4b3f-abe3-0df94074e9bb', 17),
  ('ea92b85c-98f6-426b-a12e-b8a496ec3993', '732ece69-c531-4674-b44c-d825d2059045', 'c4e25e81-eb72-438c-a25b-0e8b6936b49e', 13),
  ('87cb3bfc-496f-4a9a-87bd-e4b46869e825', '732ece69-c531-4674-b44c-d825d2059045', '28b386c4-9230-4839-91b7-39aac528e973', 13),
  ('0228cde1-2f94-4fa8-b786-409ee403a5e5', '732ece69-c531-4674-b44c-d825d2059045', 'e5ecc9a9-b3dd-41ae-8c62-85d37d37a3a5', 13),
  ('11c73edc-16b8-4547-9334-8ccc10333ffd', '732ece69-c531-4674-b44c-d825d2059045', '7bd62fb0-75ab-47a9-afd1-8c97871079dd', 10),
  ('ea23c888-73c0-4cb0-8f27-93b9ae724fa1', '732ece69-c531-4674-b44c-d825d2059045', 'c93d6b1b-fd47-4148-a79d-dfad498f3325', 8),
  ('d009cd31-4c07-465d-8c31-e171464feec4', '732ece69-c531-4674-b44c-d825d2059045', 'c0531630-8246-4842-9fc9-bc2f5ddb09b9', 8),
  ('c10ff033-c6f7-4d81-8472-e0fc9d0ffbe3', '816bcb70-1b30-41b9-a3ee-4c7d720b7c61', '1d2aff59-7649-4385-b42d-ab41b3a7c52c', 9),
  ('5d4a9f76-18a1-46c3-8b96-06048f68762b', '816bcb70-1b30-41b9-a3ee-4c7d720b7c61', 'c4e25e81-eb72-438c-a25b-0e8b6936b49e', 7),
  ('4e77ed6a-da79-4cd5-a7ef-1ab18557f03c', '816bcb70-1b30-41b9-a3ee-4c7d720b7c61', '28b386c4-9230-4839-91b7-39aac528e973', 4),
  ('85154382-c1f6-4310-9531-47c3a8063718', '816bcb70-1b30-41b9-a3ee-4c7d720b7c61', '7bd62fb0-75ab-47a9-afd1-8c97871079dd', 8),
  ('7c24cb4e-104c-4929-9eb6-b9f022b72abc', '816bcb70-1b30-41b9-a3ee-4c7d720b7c61', 'de49f1e3-d14c-48b0-b155-bec491124d58', 2),
  ('b53d836c-ceea-4cce-8cb6-5de3f005793b', '816bcb70-1b30-41b9-a3ee-4c7d720b7c61', 'c93d6b1b-fd47-4148-a79d-dfad498f3325', 5),
  ('b8780fda-8bd9-498f-9436-96692534bd86', '816bcb70-1b30-41b9-a3ee-4c7d720b7c61', 'c0531630-8246-4842-9fc9-bc2f5ddb09b9', 6),
  ('5e32bd64-1893-4d95-98c6-09179312336c', '816bcb70-1b30-41b9-a3ee-4c7d720b7c61', '529999d2-1130-4b3f-abe3-0df94074e9bb', 3),
  ('180373ca-7951-43f7-b88b-b740d1ef7d65', '816bcb70-1b30-41b9-a3ee-4c7d720b7c61', 'e5ecc9a9-b3dd-41ae-8c62-85d37d37a3a5', 1),
  ('b91b5443-cd1b-4028-9fb3-ce1787f68bbb', '79c8a9dc-c2b7-46b4-83a0-cdf261e0daac', '1d2aff59-7649-4385-b42d-ab41b3a7c52c', 9),
  ('854e1650-11ec-4d5f-8cbc-b4626765e6f9', '79c8a9dc-c2b7-46b4-83a0-cdf261e0daac', 'c4e25e81-eb72-438c-a25b-0e8b6936b49e', 6),
  ('20cc1ae4-38d9-4607-b2c2-e94005cb6197', '79c8a9dc-c2b7-46b4-83a0-cdf261e0daac', '28b386c4-9230-4839-91b7-39aac528e973', 5),
  ('44337549-3496-476b-aa10-1ac1631c0bf5', '79c8a9dc-c2b7-46b4-83a0-cdf261e0daac', '7bd62fb0-75ab-47a9-afd1-8c97871079dd', 7),
  ('7d191d34-b034-40d2-830d-282232a8022b', '79c8a9dc-c2b7-46b4-83a0-cdf261e0daac', 'de49f1e3-d14c-48b0-b155-bec491124d58', 4),
  ('0ba25cf6-5d0d-4e3a-afa4-50e203094f54', '79c8a9dc-c2b7-46b4-83a0-cdf261e0daac', 'c93d6b1b-fd47-4148-a79d-dfad498f3325', 8),
  ('d8935b59-8a71-4e39-b8ce-bc349688298e', '79c8a9dc-c2b7-46b4-83a0-cdf261e0daac', 'c0531630-8246-4842-9fc9-bc2f5ddb09b9', 1),
  ('a5271c9a-6403-4bc0-8d2e-1af82ebd8a03', '79c8a9dc-c2b7-46b4-83a0-cdf261e0daac', '529999d2-1130-4b3f-abe3-0df94074e9bb', 3),
  ('072fea9e-2da2-47fb-a880-23c1aac71641', '79c8a9dc-c2b7-46b4-83a0-cdf261e0daac', 'e5ecc9a9-b3dd-41ae-8c62-85d37d37a3a5', 2),
  ('b66341fe-d233-4e3d-b068-3881f9b1f1fb', '7fd630b1-b1b9-41af-9a2a-251cc6bb45e1', 'c4e25e81-eb72-438c-a25b-0e8b6936b49e', 17),
  ('6ea93e45-24c6-47de-a6a0-e49b70b07ce1', '7fd630b1-b1b9-41af-9a2a-251cc6bb45e1', 'c93d6b1b-fd47-4148-a79d-dfad498f3325', 17),
  ('0dbf16a6-1af3-4842-9a64-37ec743874f1', '7fd630b1-b1b9-41af-9a2a-251cc6bb45e1', '7bd62fb0-75ab-47a9-afd1-8c97871079dd', 13),
  ('4a29c281-df4b-4cc4-b2d7-d35f08907f7e', '7fd630b1-b1b9-41af-9a2a-251cc6bb45e1', 'e5ecc9a9-b3dd-41ae-8c62-85d37d37a3a5', 13),
  ('097d166e-1b3c-4be9-8962-f9f067c5af01', '7fd630b1-b1b9-41af-9a2a-251cc6bb45e1', '28b386c4-9230-4839-91b7-39aac528e973', 10),
  ('02ae8a1b-96d5-401f-83c0-ceb2e30028b2', '7fd630b1-b1b9-41af-9a2a-251cc6bb45e1', 'c0531630-8246-4842-9fc9-bc2f5ddb09b9', 10),
  ('68009d04-b58b-4a64-995b-49364643a18c', '7fd630b1-b1b9-41af-9a2a-251cc6bb45e1', 'de49f1e3-d14c-48b0-b155-bec491124d58', 8),
  ('eaa322f0-0797-44d4-bbbb-39e68be8223a', '7fd630b1-b1b9-41af-9a2a-251cc6bb45e1', '529999d2-1130-4b3f-abe3-0df94074e9bb', 8),
  ('84d6eb66-1ad9-4dc9-b85a-b967b3d2b46f', '21ded70b-2096-42c9-b70b-39629092c7de', '1d2aff59-7649-4385-b42d-ab41b3a7c52c', 7),
  ('afe8bfd9-d383-4499-8c8f-234f253e1dca', '21ded70b-2096-42c9-b70b-39629092c7de', '81c5f63d-3820-4639-bf3a-50eeb2ca9308', 8),
  ('95c3fa19-b329-4cba-b491-99e3c5ea2200', '21ded70b-2096-42c9-b70b-39629092c7de', 'c4e25e81-eb72-438c-a25b-0e8b6936b49e', 4),
  ('b7362be6-c84e-4d74-b123-dba41eeaa96d', '21ded70b-2096-42c9-b70b-39629092c7de', '28b386c4-9230-4839-91b7-39aac528e973', 5),
  ('437c9109-a07d-44e7-ad18-7af7551c1764', '21ded70b-2096-42c9-b70b-39629092c7de', '21f6a88e-d094-4324-aaba-ba2161c048a2', 1),
  ('a1837859-d359-46aa-ad60-906cc3c143e8', '21ded70b-2096-42c9-b70b-39629092c7de', '7bd62fb0-75ab-47a9-afd1-8c97871079dd', 6),
  ('ba049210-613a-4dc4-a5b1-b18ed322dd56', '21ded70b-2096-42c9-b70b-39629092c7de', 'de49f1e3-d14c-48b0-b155-bec491124d58', 10),
  ('443e8304-bf6a-4f29-b08c-eccfbcdc9337', '21ded70b-2096-42c9-b70b-39629092c7de', 'c0531630-8246-4842-9fc9-bc2f5ddb09b9', 2),
  ('877d333c-da7c-4a6d-b58a-17a4e984e49a', '21ded70b-2096-42c9-b70b-39629092c7de', '529999d2-1130-4b3f-abe3-0df94074e9bb', 3),
  ('8d579ead-2d7e-414f-8300-1a445455ca23', '21ded70b-2096-42c9-b70b-39629092c7de', 'e5ecc9a9-b3dd-41ae-8c62-85d37d37a3a5', 9),
  ('6f879fc9-6531-4dfe-9b5c-aeb0a6462add', 'ef6b9cb6-6fc4-4797-9de4-e3442d962407', '1d2aff59-7649-4385-b42d-ab41b3a7c52c', 1),
  ('95d312b1-e2d5-468e-9043-28f14ec0eec6', 'ef6b9cb6-6fc4-4797-9de4-e3442d962407', '81c5f63d-3820-4639-bf3a-50eeb2ca9308', 7),
  ('4c5d9e1c-bdeb-4498-87e7-52514661b54e', 'ef6b9cb6-6fc4-4797-9de4-e3442d962407', 'c4e25e81-eb72-438c-a25b-0e8b6936b49e', 10),
  ('01a7cc0b-fc85-4ceb-ad96-d948d937a1c9', 'ef6b9cb6-6fc4-4797-9de4-e3442d962407', '28b386c4-9230-4839-91b7-39aac528e973', 5),
  ('5d813a0d-7a2e-478c-a9e1-08ff6c053cb1', 'ef6b9cb6-6fc4-4797-9de4-e3442d962407', '21f6a88e-d094-4324-aaba-ba2161c048a2', 6),
  ('82605586-472d-4ea2-969a-e97cbf876d71', 'ef6b9cb6-6fc4-4797-9de4-e3442d962407', '7bd62fb0-75ab-47a9-afd1-8c97871079dd', 2),
  ('b37b05cd-32b9-4b3c-b6a6-b2ca883ab22e', 'ef6b9cb6-6fc4-4797-9de4-e3442d962407', 'de49f1e3-d14c-48b0-b155-bec491124d58', 9),
  ('61541657-2639-4f13-a0de-580266998f28', 'ef6b9cb6-6fc4-4797-9de4-e3442d962407', 'c0531630-8246-4842-9fc9-bc2f5ddb09b9', 4),
  ('5264a47b-1f17-40ae-814c-bdb2d7eb25dd', 'ef6b9cb6-6fc4-4797-9de4-e3442d962407', '529999d2-1130-4b3f-abe3-0df94074e9bb', 3),
  ('827ae995-8535-4463-84b9-a10d9e4addd7', 'ef6b9cb6-6fc4-4797-9de4-e3442d962407', 'e5ecc9a9-b3dd-41ae-8c62-85d37d37a3a5', 8),
  ('349700d0-aa5f-4c6e-b6a1-6b033b8f7fe2', 'c6814d6e-4f45-4704-8c56-5f45d5fe3e16', '1d2aff59-7649-4385-b42d-ab41b3a7c52c', 1),
  ('ef6cc4e4-aed4-4c70-9cc2-c3528605e7d0', 'c6814d6e-4f45-4704-8c56-5f45d5fe3e16', '81c5f63d-3820-4639-bf3a-50eeb2ca9308', 10),
  ('b1d739a2-f051-463c-a34a-ef59a5ed956a', 'c6814d6e-4f45-4704-8c56-5f45d5fe3e16', 'c4e25e81-eb72-438c-a25b-0e8b6936b49e', 8),
  ('1c2c1b94-8beb-4b54-ba40-687661ed0bfa', 'c6814d6e-4f45-4704-8c56-5f45d5fe3e16', '28b386c4-9230-4839-91b7-39aac528e973', 3),
  ('9ba8fcd9-80db-4414-b40f-2a7d2c015ba1', 'c6814d6e-4f45-4704-8c56-5f45d5fe3e16', '21f6a88e-d094-4324-aaba-ba2161c048a2', 5),
  ('ebf53594-8ec6-4d40-94d7-3d46dfe306e6', 'c6814d6e-4f45-4704-8c56-5f45d5fe3e16', '7bd62fb0-75ab-47a9-afd1-8c97871079dd', 2),
  ('6a065c0a-d9c3-407a-b5d1-71c0af83d5ec', 'c6814d6e-4f45-4704-8c56-5f45d5fe3e16', 'de49f1e3-d14c-48b0-b155-bec491124d58', 6),
  ('43319660-85db-4633-9048-dd317f6d384e', 'c6814d6e-4f45-4704-8c56-5f45d5fe3e16', 'c0531630-8246-4842-9fc9-bc2f5ddb09b9', 7),
  ('1a85342f-73d2-4b9c-85e4-667848be4acb', 'c6814d6e-4f45-4704-8c56-5f45d5fe3e16', '529999d2-1130-4b3f-abe3-0df94074e9bb', 4),
  ('1415fafd-eeab-4faf-a28c-4c40b6a4c23c', 'c6814d6e-4f45-4704-8c56-5f45d5fe3e16', 'e5ecc9a9-b3dd-41ae-8c62-85d37d37a3a5', 9),
  ('9365690a-5b63-4302-a438-2cca044890f5', 'f49d2fd2-39e0-481e-a15a-969aacfa743c', '1d2aff59-7649-4385-b42d-ab41b3a7c52c', 10),
  ('22fe5e0f-46cd-4442-a886-7d5e46d23ada', 'f49d2fd2-39e0-481e-a15a-969aacfa743c', '81c5f63d-3820-4639-bf3a-50eeb2ca9308', 5),
  ('d42c99f7-49b3-4253-86cb-774ed45fb839', 'f49d2fd2-39e0-481e-a15a-969aacfa743c', 'c4e25e81-eb72-438c-a25b-0e8b6936b49e', 6),
  ('ba11ffa4-5106-449b-9c00-e88280c89476', 'f49d2fd2-39e0-481e-a15a-969aacfa743c', '28b386c4-9230-4839-91b7-39aac528e973', 10),
  ('418ef6cc-59a5-479b-82f5-85f7d44b9d73', 'f49d2fd2-39e0-481e-a15a-969aacfa743c', '21f6a88e-d094-4324-aaba-ba2161c048a2', 7),
  ('08a7fce8-9864-4414-9c04-4caa122c9337', 'f49d2fd2-39e0-481e-a15a-969aacfa743c', '7bd62fb0-75ab-47a9-afd1-8c97871079dd', 13),
  ('e35f8c26-245a-4799-a47b-52707cc749e7', 'f49d2fd2-39e0-481e-a15a-969aacfa743c', 'de49f1e3-d14c-48b0-b155-bec491124d58', 13),
  ('2fad0786-00fb-4fc4-ac61-d0587ad3a1eb', 'f49d2fd2-39e0-481e-a15a-969aacfa743c', 'c0531630-8246-4842-9fc9-bc2f5ddb09b9', 10),
  ('1714c2b0-0322-415d-b6d6-9fbd2c22203f', 'f49d2fd2-39e0-481e-a15a-969aacfa743c', '529999d2-1130-4b3f-abe3-0df94074e9bb', 10),
  ('2716e8d9-c0ff-421a-b4e9-84dee277d413', 'd376d219-9568-430a-bd50-4f4c18bed33b', '1d2aff59-7649-4385-b42d-ab41b3a7c52c', 5),
  ('775596d2-088d-495d-9601-f39f8c57eb3f', 'd376d219-9568-430a-bd50-4f4c18bed33b', '28b386c4-9230-4839-91b7-39aac528e973', 8),
  ('21a6df0f-ed1c-4686-aca3-5f260d8d1b09', 'd376d219-9568-430a-bd50-4f4c18bed33b', '21f6a88e-d094-4324-aaba-ba2161c048a2', 1),
  ('f13b434c-0e2e-40fd-bb72-fb6830cfa85a', 'd376d219-9568-430a-bd50-4f4c18bed33b', '7bd62fb0-75ab-47a9-afd1-8c97871079dd', 4),
  ('37c3f9f1-5cde-4729-a317-4ed2f071ecd3', 'd376d219-9568-430a-bd50-4f4c18bed33b', 'de49f1e3-d14c-48b0-b155-bec491124d58', 6),
  ('9baa4bc3-263d-4be2-a0c3-9d16767dfbb7', 'd376d219-9568-430a-bd50-4f4c18bed33b', 'c0531630-8246-4842-9fc9-bc2f5ddb09b9', 7),
  ('93dd23b1-d9a8-4eb2-b4c0-9d15473805f0', 'd376d219-9568-430a-bd50-4f4c18bed33b', '529999d2-1130-4b3f-abe3-0df94074e9bb', 2),
  ('e312264b-e611-44b1-aba8-0ab3195c1219', 'd376d219-9568-430a-bd50-4f4c18bed33b', 'e5ecc9a9-b3dd-41ae-8c62-85d37d37a3a5', 3),
  ('49162cc0-d606-4734-b448-fe04be31bc0b', '9083b2cc-4c14-4707-bbf9-480ba7403bd7', '1d2aff59-7649-4385-b42d-ab41b3a7c52c', 7),
  ('b7ac62d6-8ffe-4c92-b881-a2eae7c3a421', '9083b2cc-4c14-4707-bbf9-480ba7403bd7', '28b386c4-9230-4839-91b7-39aac528e973', 13),
  ('53d80a47-095d-4896-a2f9-dc2f26036575', '9083b2cc-4c14-4707-bbf9-480ba7403bd7', '21f6a88e-d094-4324-aaba-ba2161c048a2', 13),
  ('f26dbe98-3f70-4724-8896-947f2e652ec5', '9083b2cc-4c14-4707-bbf9-480ba7403bd7', '7bd62fb0-75ab-47a9-afd1-8c97871079dd', 13),
  ('9a7f9db4-e16d-4db9-afd9-d19fc4bc6b92', '9083b2cc-4c14-4707-bbf9-480ba7403bd7', 'de49f1e3-d14c-48b0-b155-bec491124d58', 10),
  ('20bb719e-4c7f-4955-8178-6efbc043b8b9', '9083b2cc-4c14-4707-bbf9-480ba7403bd7', 'c0531630-8246-4842-9fc9-bc2f5ddb09b9', 4),
  ('bb3cccbb-5e69-4749-a0e9-a4882ba809af', '9083b2cc-4c14-4707-bbf9-480ba7403bd7', '529999d2-1130-4b3f-abe3-0df94074e9bb', 13),
  ('26d7e224-b915-4669-93aa-9a0375be2e21', '9083b2cc-4c14-4707-bbf9-480ba7403bd7', 'e5ecc9a9-b3dd-41ae-8c62-85d37d37a3a5', 7),
  ('1534ee6b-097d-46c0-8838-db7e9fc493d3', 'ee886031-df54-400b-8870-6aa6c7772d50', '1d2aff59-7649-4385-b42d-ab41b3a7c52c', 2),
  ('002a8299-61b7-47e6-b54a-50ff3c0a1216', 'ee886031-df54-400b-8870-6aa6c7772d50', '28b386c4-9230-4839-91b7-39aac528e973', 8),
  ('b05eaf7c-2fe4-4739-a8ab-6b23cb179ca2', 'ee886031-df54-400b-8870-6aa6c7772d50', '21f6a88e-d094-4324-aaba-ba2161c048a2', 5),
  ('53a2e21f-06e0-4ea8-8256-b9081ef28f29', 'ee886031-df54-400b-8870-6aa6c7772d50', '7bd62fb0-75ab-47a9-afd1-8c97871079dd', 3),
  ('3d952d32-e669-4377-baf3-9bb8ca11c4d8', 'ee886031-df54-400b-8870-6aa6c7772d50', 'de49f1e3-d14c-48b0-b155-bec491124d58', 5),
  ('46d078d6-df34-44ac-9aa5-9413a3ce3b70', 'ee886031-df54-400b-8870-6aa6c7772d50', 'c0531630-8246-4842-9fc9-bc2f5ddb09b9', 1),
  ('217b4906-c530-4d0e-952c-e47ad0b3a970', 'ee886031-df54-400b-8870-6aa6c7772d50', '529999d2-1130-4b3f-abe3-0df94074e9bb', 4),
  ('4f00d3d5-5a52-41b4-9b27-86405ed31bdd', 'ee886031-df54-400b-8870-6aa6c7772d50', 'e5ecc9a9-b3dd-41ae-8c62-85d37d37a3a5', 7),
  ('227e3840-8664-4a0b-a39d-8c462692505f', 'e6e07c25-de71-4661-885c-983cdfdb2f81', '1d2aff59-7649-4385-b42d-ab41b3a7c52c', 2),
  ('a3b93a63-fc29-4bc4-947a-6fa4c48e8a29', 'e6e07c25-de71-4661-885c-983cdfdb2f81', '28b386c4-9230-4839-91b7-39aac528e973', 7),
  ('ead1d606-54ae-4a52-a5b1-7ba4053a421e', 'e6e07c25-de71-4661-885c-983cdfdb2f81', '21f6a88e-d094-4324-aaba-ba2161c048a2', 8),
  ('0a462953-ff72-4f0f-8b06-d45301d215e6', 'e6e07c25-de71-4661-885c-983cdfdb2f81', '7bd62fb0-75ab-47a9-afd1-8c97871079dd', 3),
  ('e5e6e4cf-3166-4369-af91-edabf6bf7f48', 'e6e07c25-de71-4661-885c-983cdfdb2f81', 'de49f1e3-d14c-48b0-b155-bec491124d58', 4),
  ('2e78ad41-3d9d-488c-b624-c54cdb8e124e', 'e6e07c25-de71-4661-885c-983cdfdb2f81', 'c0531630-8246-4842-9fc9-bc2f5ddb09b9', 5),
  ('0d8e86b7-2f25-4aa8-9db8-e03855f5066e', 'e6e07c25-de71-4661-885c-983cdfdb2f81', '529999d2-1130-4b3f-abe3-0df94074e9bb', 1),
  ('2b7a518c-37c7-4357-b2df-297960da5c11', 'e6e07c25-de71-4661-885c-983cdfdb2f81', 'e5ecc9a9-b3dd-41ae-8c62-85d37d37a3a5', 6);
