-- Historical data import: 2019, 2020, 2021
-- Safe/idempotent version — uses ON CONFLICT DO NOTHING everywhere.
-- Run in the Supabase SQL editor.

ALTER TABLE tournaments ADD COLUMN IF NOT EXISTS scoring_direction TEXT NOT NULL DEFAULT 'asc';

INSERT INTO tournaments (id, year, is_active, scoring_direction) VALUES
  ('f9176c19-d406-4444-a927-585f484c5bdf', 2019, false, 'desc'),
  ('49d63443-dc9a-42a7-ba25-8a31097064d5', 2020, false, 'desc'),
  ('b570023e-2915-4b20-b629-b3242c064329', 2021, false, 'desc')
ON CONFLICT DO NOTHING;

INSERT INTO doeng_scale (tournament_id, position, points) VALUES
  ('f9176c19-d406-4444-a927-585f484c5bdf', 1, 17),
  ('49d63443-dc9a-42a7-ba25-8a31097064d5', 1, 17),
  ('b570023e-2915-4b20-b629-b3242c064329', 1, 17),
  ('f9176c19-d406-4444-a927-585f484c5bdf', 2, 15),
  ('49d63443-dc9a-42a7-ba25-8a31097064d5', 2, 15),
  ('b570023e-2915-4b20-b629-b3242c064329', 2, 15),
  ('f9176c19-d406-4444-a927-585f484c5bdf', 3, 13),
  ('49d63443-dc9a-42a7-ba25-8a31097064d5', 3, 13),
  ('b570023e-2915-4b20-b629-b3242c064329', 3, 13),
  ('f9176c19-d406-4444-a927-585f484c5bdf', 4, 11),
  ('49d63443-dc9a-42a7-ba25-8a31097064d5', 4, 11),
  ('b570023e-2915-4b20-b629-b3242c064329', 4, 11),
  ('f9176c19-d406-4444-a927-585f484c5bdf', 5, 10),
  ('49d63443-dc9a-42a7-ba25-8a31097064d5', 5, 10),
  ('b570023e-2915-4b20-b629-b3242c064329', 5, 10),
  ('f9176c19-d406-4444-a927-585f484c5bdf', 6, 9),
  ('49d63443-dc9a-42a7-ba25-8a31097064d5', 6, 9),
  ('b570023e-2915-4b20-b629-b3242c064329', 6, 9),
  ('f9176c19-d406-4444-a927-585f484c5bdf', 7, 8),
  ('49d63443-dc9a-42a7-ba25-8a31097064d5', 7, 8),
  ('b570023e-2915-4b20-b629-b3242c064329', 7, 8),
  ('f9176c19-d406-4444-a927-585f484c5bdf', 8, 7),
  ('49d63443-dc9a-42a7-ba25-8a31097064d5', 8, 7),
  ('b570023e-2915-4b20-b629-b3242c064329', 8, 7),
  ('f9176c19-d406-4444-a927-585f484c5bdf', 9, 6),
  ('49d63443-dc9a-42a7-ba25-8a31097064d5', 9, 6),
  ('b570023e-2915-4b20-b629-b3242c064329', 9, 6),
  ('f9176c19-d406-4444-a927-585f484c5bdf', 10, 5),
  ('49d63443-dc9a-42a7-ba25-8a31097064d5', 10, 5),
  ('b570023e-2915-4b20-b629-b3242c064329', 10, 5),
  ('f9176c19-d406-4444-a927-585f484c5bdf', 11, 4),
  ('49d63443-dc9a-42a7-ba25-8a31097064d5', 11, 4),
  ('b570023e-2915-4b20-b629-b3242c064329', 11, 4),
  ('f9176c19-d406-4444-a927-585f484c5bdf', 12, 3),
  ('49d63443-dc9a-42a7-ba25-8a31097064d5', 12, 3),
  ('b570023e-2915-4b20-b629-b3242c064329', 12, 3),
  ('f9176c19-d406-4444-a927-585f484c5bdf', 13, 2),
  ('49d63443-dc9a-42a7-ba25-8a31097064d5', 13, 2),
  ('b570023e-2915-4b20-b629-b3242c064329', 13, 2),
  ('f9176c19-d406-4444-a927-585f484c5bdf', 14, 1),
  ('49d63443-dc9a-42a7-ba25-8a31097064d5', 14, 1),
  ('b570023e-2915-4b20-b629-b3242c064329', 14, 1)
ON CONFLICT DO NOTHING;

-- 2019 participants
INSERT INTO participants (id, tournament_id, name, sort_order) VALUES
  ('896f393b-9251-4dda-8de5-87c194775f14', 'f9176c19-d406-4444-a927-585f484c5bdf', 'Edvard', 1),
  ('0065a6cf-eddb-4a5c-a104-b6a65f2c04ef', 'f9176c19-d406-4444-a927-585f484c5bdf', 'Halvdan', 2),
  ('d5b31f6d-1cb2-46a7-8671-f0690cc5e561', 'f9176c19-d406-4444-a927-585f484c5bdf', 'Johan', 3),
  ('db95beaa-9962-4cb0-86c0-db41182c1390', 'f9176c19-d406-4444-a927-585f484c5bdf', 'Morten', 4),
  ('70bf3c55-fda9-45de-8563-71fb1609d489', 'f9176c19-d406-4444-a927-585f484c5bdf', 'Daniel', 5),
  ('54c609e5-2141-4468-85d7-44a611b36478', 'f9176c19-d406-4444-a927-585f484c5bdf', 'Eirik', 6),
  ('46535626-4ecc-4bf4-b1cf-4727d6a79343', 'f9176c19-d406-4444-a927-585f484c5bdf', 'Martin', 7),
  ('45d24557-3732-4f15-982f-3d0591d93bb9', 'f9176c19-d406-4444-a927-585f484c5bdf', 'Simon', 8),
  ('778b5943-0a97-4924-843e-a8b2c429a028', 'f9176c19-d406-4444-a927-585f484c5bdf', 'Bendik', 9),
  ('11054d73-832f-4a58-bc6c-06fbf906b227', 'f9176c19-d406-4444-a927-585f484c5bdf', 'Gjermund', 10),
  ('5be526d1-9a7d-47bd-990d-a887ba85ffca', 'f9176c19-d406-4444-a927-585f484c5bdf', 'Odin', 11)
ON CONFLICT DO NOTHING;

-- 2019 events
INSERT INTO events (id, tournament_id, name, sort_order, day, is_hansa) VALUES
  ('2517cf76-fa09-4846-b745-5837425cec6c', 'f9176c19-d406-4444-a927-585f484c5bdf', 'Beer pong', 1, NULL, true),
  ('a1b13882-f154-44a0-aaf4-f13be7ce2dc6', 'f9176c19-d406-4444-a927-585f484c5bdf', 'Papirfly', 2, 'Fredag', false),
  ('aae096d9-ae09-4a80-88bc-23a697ee8888', 'f9176c19-d406-4444-a927-585f484c5bdf', 'Bomullsdotten', 3, 'Fredag', false),
  ('7a1adfba-7278-42b3-9b5c-343d26c39731', 'f9176c19-d406-4444-a927-585f484c5bdf', 'Gnav', 4, 'Fredag', false),
  ('ddd5e13b-30e2-4677-bdbe-0896afc04349', 'f9176c19-d406-4444-a927-585f484c5bdf', 'Mario kart', 5, 'Fredag', false),
  ('50a937da-0329-4f45-af25-db780bd9683f', 'f9176c19-d406-4444-a927-585f484c5bdf', 'Bordtennis', 6, 'Lørdag', false),
  ('a84d9e47-854b-4f47-bb6e-1b224423baba', 'f9176c19-d406-4444-a927-585f484c5bdf', 'GeoGuessr', 7, 'Lørdag', false),
  ('fe451ce1-a004-4d63-a51f-6f908e2ce4d4', 'f9176c19-d406-4444-a927-585f484c5bdf', 'Fosstafetten', 8, 'Lørdag', true),
  ('fb117bb1-e616-4fb6-97f5-bc7fb033da5c', 'f9176c19-d406-4444-a927-585f484c5bdf', 'Blåserør', 9, 'Lørdag', false),
  ('9feff102-41eb-4fb8-86cc-ccedad369b0c', 'f9176c19-d406-4444-a927-585f484c5bdf', 'Fotball', 10, 'Lørdag', true),
  ('610cf248-10b7-40bc-89f0-85b2684a11e1', 'f9176c19-d406-4444-a927-585f484c5bdf', 'Idealtid', 11, 'Lørdag', false),
  ('386afc65-a191-47e6-ada4-1a33e41a0ac1', 'f9176c19-d406-4444-a927-585f484c5bdf', 'Kubb', 12, 'Søndag', false),
  ('37d25399-2db7-4ae3-b510-e3326a9a5279', 'f9176c19-d406-4444-a927-585f484c5bdf', 'Volleyball', 13, 'Søndag', false),
  ('42ac657d-bc02-4fe7-86a7-6f9c07f68148', 'f9176c19-d406-4444-a927-585f484c5bdf', 'Basketball', 14, 'Søndag', false),
  ('8dfdabc0-d7b3-43ae-8a0a-ba8d0cc52d3b', 'f9176c19-d406-4444-a927-585f484c5bdf', 'Ringbryting', 15, 'Søndag', false),
  ('7461bd33-d34b-42a3-97b2-a8c7b6d139e0', 'f9176c19-d406-4444-a927-585f484c5bdf', 'Bezzerwisser', 16, 'Søndag', false),
  ('cf60b03d-ef6e-4afb-8c7f-dbe9afb047b6', 'f9176c19-d406-4444-a927-585f484c5bdf', 'Raffle', 17, 'Søndag', false),
  ('2c9b3ced-f96c-4353-a5ff-b57aae73750a', 'f9176c19-d406-4444-a927-585f484c5bdf', 'Stein, saks, papir', 18, 'Søndag', false)
ON CONFLICT DO NOTHING;

-- 2019 results
INSERT INTO results (event_id, participant_id, placement) VALUES
  ('2517cf76-fa09-4846-b745-5837425cec6c', '896f393b-9251-4dda-8de5-87c194775f14', 12),
  ('a1b13882-f154-44a0-aaf4-f13be7ce2dc6', '896f393b-9251-4dda-8de5-87c194775f14', 8),
  ('aae096d9-ae09-4a80-88bc-23a697ee8888', '896f393b-9251-4dda-8de5-87c194775f14', 6),
  ('7a1adfba-7278-42b3-9b5c-343d26c39731', '896f393b-9251-4dda-8de5-87c194775f14', 8),
  ('ddd5e13b-30e2-4677-bdbe-0896afc04349', '896f393b-9251-4dda-8de5-87c194775f14', 5),
  ('50a937da-0329-4f45-af25-db780bd9683f', '896f393b-9251-4dda-8de5-87c194775f14', 5),
  ('a84d9e47-854b-4f47-bb6e-1b224423baba', '896f393b-9251-4dda-8de5-87c194775f14', 2),
  ('fe451ce1-a004-4d63-a51f-6f908e2ce4d4', '896f393b-9251-4dda-8de5-87c194775f14', 17),
  ('fb117bb1-e616-4fb6-97f5-bc7fb033da5c', '896f393b-9251-4dda-8de5-87c194775f14', 1),
  ('9feff102-41eb-4fb8-86cc-ccedad369b0c', '896f393b-9251-4dda-8de5-87c194775f14', 12),
  ('610cf248-10b7-40bc-89f0-85b2684a11e1', '896f393b-9251-4dda-8de5-87c194775f14', 4),
  ('386afc65-a191-47e6-ada4-1a33e41a0ac1', '896f393b-9251-4dda-8de5-87c194775f14', 5),
  ('37d25399-2db7-4ae3-b510-e3326a9a5279', '896f393b-9251-4dda-8de5-87c194775f14', 3),
  ('42ac657d-bc02-4fe7-86a7-6f9c07f68148', '896f393b-9251-4dda-8de5-87c194775f14', 1),
  ('2517cf76-fa09-4846-b745-5837425cec6c', '0065a6cf-eddb-4a5c-a104-b6a65f2c04ef', 15),
  ('a1b13882-f154-44a0-aaf4-f13be7ce2dc6', '0065a6cf-eddb-4a5c-a104-b6a65f2c04ef', 7),
  ('aae096d9-ae09-4a80-88bc-23a697ee8888', '0065a6cf-eddb-4a5c-a104-b6a65f2c04ef', 8),
  ('7a1adfba-7278-42b3-9b5c-343d26c39731', '0065a6cf-eddb-4a5c-a104-b6a65f2c04ef', 5),
  ('ddd5e13b-30e2-4677-bdbe-0896afc04349', '0065a6cf-eddb-4a5c-a104-b6a65f2c04ef', 3),
  ('50a937da-0329-4f45-af25-db780bd9683f', '0065a6cf-eddb-4a5c-a104-b6a65f2c04ef', 4),
  ('a84d9e47-854b-4f47-bb6e-1b224423baba', '0065a6cf-eddb-4a5c-a104-b6a65f2c04ef', 7),
  ('fe451ce1-a004-4d63-a51f-6f908e2ce4d4', '0065a6cf-eddb-4a5c-a104-b6a65f2c04ef', 12),
  ('fb117bb1-e616-4fb6-97f5-bc7fb033da5c', '0065a6cf-eddb-4a5c-a104-b6a65f2c04ef', 3),
  ('9feff102-41eb-4fb8-86cc-ccedad369b0c', '0065a6cf-eddb-4a5c-a104-b6a65f2c04ef', 15),
  ('610cf248-10b7-40bc-89f0-85b2684a11e1', '0065a6cf-eddb-4a5c-a104-b6a65f2c04ef', 5),
  ('386afc65-a191-47e6-ada4-1a33e41a0ac1', '0065a6cf-eddb-4a5c-a104-b6a65f2c04ef', 2),
  ('37d25399-2db7-4ae3-b510-e3326a9a5279', '0065a6cf-eddb-4a5c-a104-b6a65f2c04ef', 7),
  ('42ac657d-bc02-4fe7-86a7-6f9c07f68148', '0065a6cf-eddb-4a5c-a104-b6a65f2c04ef', 2),
  ('8dfdabc0-d7b3-43ae-8a0a-ba8d0cc52d3b', '0065a6cf-eddb-4a5c-a104-b6a65f2c04ef', 3),
  ('7461bd33-d34b-42a3-97b2-a8c7b6d139e0', '0065a6cf-eddb-4a5c-a104-b6a65f2c04ef', 8),
  ('cf60b03d-ef6e-4afb-8c7f-dbe9afb047b6', '0065a6cf-eddb-4a5c-a104-b6a65f2c04ef', 6),
  ('2c9b3ced-f96c-4353-a5ff-b57aae73750a', '0065a6cf-eddb-4a5c-a104-b6a65f2c04ef', 4),
  ('50a937da-0329-4f45-af25-db780bd9683f', 'd5b31f6d-1cb2-46a7-8671-f0690cc5e561', 8),
  ('a84d9e47-854b-4f47-bb6e-1b224423baba', 'd5b31f6d-1cb2-46a7-8671-f0690cc5e561', 4),
  ('fe451ce1-a004-4d63-a51f-6f908e2ce4d4', 'd5b31f6d-1cb2-46a7-8671-f0690cc5e561', 12),
  ('fb117bb1-e616-4fb6-97f5-bc7fb033da5c', 'd5b31f6d-1cb2-46a7-8671-f0690cc5e561', 7),
  ('2517cf76-fa09-4846-b745-5837425cec6c', 'db95beaa-9962-4cb0-86c0-db41182c1390', 15),
  ('a1b13882-f154-44a0-aaf4-f13be7ce2dc6', 'db95beaa-9962-4cb0-86c0-db41182c1390', 9),
  ('aae096d9-ae09-4a80-88bc-23a697ee8888', 'db95beaa-9962-4cb0-86c0-db41182c1390', 4),
  ('7a1adfba-7278-42b3-9b5c-343d26c39731', 'db95beaa-9962-4cb0-86c0-db41182c1390', 10),
  ('50a937da-0329-4f45-af25-db780bd9683f', 'db95beaa-9962-4cb0-86c0-db41182c1390', 8),
  ('a84d9e47-854b-4f47-bb6e-1b224423baba', 'db95beaa-9962-4cb0-86c0-db41182c1390', 5),
  ('fe451ce1-a004-4d63-a51f-6f908e2ce4d4', 'db95beaa-9962-4cb0-86c0-db41182c1390', 17),
  ('fb117bb1-e616-4fb6-97f5-bc7fb033da5c', 'db95beaa-9962-4cb0-86c0-db41182c1390', 2),
  ('9feff102-41eb-4fb8-86cc-ccedad369b0c', 'db95beaa-9962-4cb0-86c0-db41182c1390', 6),
  ('386afc65-a191-47e6-ada4-1a33e41a0ac1', 'db95beaa-9962-4cb0-86c0-db41182c1390', 8),
  ('37d25399-2db7-4ae3-b510-e3326a9a5279', 'db95beaa-9962-4cb0-86c0-db41182c1390', 8),
  ('42ac657d-bc02-4fe7-86a7-6f9c07f68148', 'db95beaa-9962-4cb0-86c0-db41182c1390', 8),
  ('8dfdabc0-d7b3-43ae-8a0a-ba8d0cc52d3b', 'db95beaa-9962-4cb0-86c0-db41182c1390', 1),
  ('7461bd33-d34b-42a3-97b2-a8c7b6d139e0', 'db95beaa-9962-4cb0-86c0-db41182c1390', 5),
  ('2517cf76-fa09-4846-b745-5837425cec6c', '70bf3c55-fda9-45de-8563-71fb1609d489', 9),
  ('a1b13882-f154-44a0-aaf4-f13be7ce2dc6', '70bf3c55-fda9-45de-8563-71fb1609d489', 6),
  ('aae096d9-ae09-4a80-88bc-23a697ee8888', '70bf3c55-fda9-45de-8563-71fb1609d489', 9),
  ('7a1adfba-7278-42b3-9b5c-343d26c39731', '70bf3c55-fda9-45de-8563-71fb1609d489', 9),
  ('ddd5e13b-30e2-4677-bdbe-0896afc04349', '70bf3c55-fda9-45de-8563-71fb1609d489', 1),
  ('50a937da-0329-4f45-af25-db780bd9683f', '70bf3c55-fda9-45de-8563-71fb1609d489', 8),
  ('a84d9e47-854b-4f47-bb6e-1b224423baba', '70bf3c55-fda9-45de-8563-71fb1609d489', 5),
  ('fe451ce1-a004-4d63-a51f-6f908e2ce4d4', '70bf3c55-fda9-45de-8563-71fb1609d489', 6),
  ('fb117bb1-e616-4fb6-97f5-bc7fb033da5c', '70bf3c55-fda9-45de-8563-71fb1609d489', 9),
  ('9feff102-41eb-4fb8-86cc-ccedad369b0c', '70bf3c55-fda9-45de-8563-71fb1609d489', 17),
  ('610cf248-10b7-40bc-89f0-85b2684a11e1', '70bf3c55-fda9-45de-8563-71fb1609d489', 1),
  ('8dfdabc0-d7b3-43ae-8a0a-ba8d0cc52d3b', '70bf3c55-fda9-45de-8563-71fb1609d489', 2),
  ('7461bd33-d34b-42a3-97b2-a8c7b6d139e0', '70bf3c55-fda9-45de-8563-71fb1609d489', 3),
  ('cf60b03d-ef6e-4afb-8c7f-dbe9afb047b6', '70bf3c55-fda9-45de-8563-71fb1609d489', 1),
  ('2c9b3ced-f96c-4353-a5ff-b57aae73750a', '70bf3c55-fda9-45de-8563-71fb1609d489', 6),
  ('2517cf76-fa09-4846-b745-5837425cec6c', '54c609e5-2141-4468-85d7-44a611b36478', 12),
  ('a1b13882-f154-44a0-aaf4-f13be7ce2dc6', '54c609e5-2141-4468-85d7-44a611b36478', 5),
  ('aae096d9-ae09-4a80-88bc-23a697ee8888', '54c609e5-2141-4468-85d7-44a611b36478', 5),
  ('7a1adfba-7278-42b3-9b5c-343d26c39731', '54c609e5-2141-4468-85d7-44a611b36478', 1),
  ('ddd5e13b-30e2-4677-bdbe-0896afc04349', '54c609e5-2141-4468-85d7-44a611b36478', 2),
  ('50a937da-0329-4f45-af25-db780bd9683f', '54c609e5-2141-4468-85d7-44a611b36478', 3),
  ('a84d9e47-854b-4f47-bb6e-1b224423baba', '54c609e5-2141-4468-85d7-44a611b36478', 3),
  ('fe451ce1-a004-4d63-a51f-6f908e2ce4d4', '54c609e5-2141-4468-85d7-44a611b36478', 15),
  ('fb117bb1-e616-4fb6-97f5-bc7fb033da5c', '54c609e5-2141-4468-85d7-44a611b36478', 4),
  ('9feff102-41eb-4fb8-86cc-ccedad369b0c', '54c609e5-2141-4468-85d7-44a611b36478', 9),
  ('610cf248-10b7-40bc-89f0-85b2684a11e1', '54c609e5-2141-4468-85d7-44a611b36478', 6),
  ('386afc65-a191-47e6-ada4-1a33e41a0ac1', '54c609e5-2141-4468-85d7-44a611b36478', 1),
  ('37d25399-2db7-4ae3-b510-e3326a9a5279', '54c609e5-2141-4468-85d7-44a611b36478', 6),
  ('42ac657d-bc02-4fe7-86a7-6f9c07f68148', '54c609e5-2141-4468-85d7-44a611b36478', 5),
  ('8dfdabc0-d7b3-43ae-8a0a-ba8d0cc52d3b', '54c609e5-2141-4468-85d7-44a611b36478', 6),
  ('7461bd33-d34b-42a3-97b2-a8c7b6d139e0', '54c609e5-2141-4468-85d7-44a611b36478', 2),
  ('cf60b03d-ef6e-4afb-8c7f-dbe9afb047b6', '54c609e5-2141-4468-85d7-44a611b36478', 4),
  ('2c9b3ced-f96c-4353-a5ff-b57aae73750a', '54c609e5-2141-4468-85d7-44a611b36478', 1),
  ('2517cf76-fa09-4846-b745-5837425cec6c', '46535626-4ecc-4bf4-b1cf-4727d6a79343', 15),
  ('a1b13882-f154-44a0-aaf4-f13be7ce2dc6', '46535626-4ecc-4bf4-b1cf-4727d6a79343', 3),
  ('aae096d9-ae09-4a80-88bc-23a697ee8888', '46535626-4ecc-4bf4-b1cf-4727d6a79343', 2),
  ('7a1adfba-7278-42b3-9b5c-343d26c39731', '46535626-4ecc-4bf4-b1cf-4727d6a79343', 6),
  ('2517cf76-fa09-4846-b745-5837425cec6c', '45d24557-3732-4f15-982f-3d0591d93bb9', 9),
  ('a1b13882-f154-44a0-aaf4-f13be7ce2dc6', '45d24557-3732-4f15-982f-3d0591d93bb9', 4),
  ('aae096d9-ae09-4a80-88bc-23a697ee8888', '45d24557-3732-4f15-982f-3d0591d93bb9', 3),
  ('7a1adfba-7278-42b3-9b5c-343d26c39731', '45d24557-3732-4f15-982f-3d0591d93bb9', 7),
  ('ddd5e13b-30e2-4677-bdbe-0896afc04349', '45d24557-3732-4f15-982f-3d0591d93bb9', 4),
  ('50a937da-0329-4f45-af25-db780bd9683f', '45d24557-3732-4f15-982f-3d0591d93bb9', 2),
  ('a84d9e47-854b-4f47-bb6e-1b224423baba', '45d24557-3732-4f15-982f-3d0591d93bb9', 9),
  ('fe451ce1-a004-4d63-a51f-6f908e2ce4d4', '45d24557-3732-4f15-982f-3d0591d93bb9', 15),
  ('fb117bb1-e616-4fb6-97f5-bc7fb033da5c', '45d24557-3732-4f15-982f-3d0591d93bb9', 8),
  ('9feff102-41eb-4fb8-86cc-ccedad369b0c', '45d24557-3732-4f15-982f-3d0591d93bb9', 9),
  ('610cf248-10b7-40bc-89f0-85b2684a11e1', '45d24557-3732-4f15-982f-3d0591d93bb9', 7),
  ('386afc65-a191-47e6-ada4-1a33e41a0ac1', '45d24557-3732-4f15-982f-3d0591d93bb9', 3),
  ('37d25399-2db7-4ae3-b510-e3326a9a5279', '45d24557-3732-4f15-982f-3d0591d93bb9', 2),
  ('42ac657d-bc02-4fe7-86a7-6f9c07f68148', '45d24557-3732-4f15-982f-3d0591d93bb9', 3),
  ('8dfdabc0-d7b3-43ae-8a0a-ba8d0cc52d3b', '45d24557-3732-4f15-982f-3d0591d93bb9', 7),
  ('7461bd33-d34b-42a3-97b2-a8c7b6d139e0', '45d24557-3732-4f15-982f-3d0591d93bb9', 9),
  ('cf60b03d-ef6e-4afb-8c7f-dbe9afb047b6', '45d24557-3732-4f15-982f-3d0591d93bb9', 2),
  ('2c9b3ced-f96c-4353-a5ff-b57aae73750a', '45d24557-3732-4f15-982f-3d0591d93bb9', 3),
  ('2517cf76-fa09-4846-b745-5837425cec6c', '778b5943-0a97-4924-843e-a8b2c429a028', 17),
  ('a1b13882-f154-44a0-aaf4-f13be7ce2dc6', '778b5943-0a97-4924-843e-a8b2c429a028', 2),
  ('aae096d9-ae09-4a80-88bc-23a697ee8888', '778b5943-0a97-4924-843e-a8b2c429a028', 7),
  ('7a1adfba-7278-42b3-9b5c-343d26c39731', '778b5943-0a97-4924-843e-a8b2c429a028', 4),
  ('ddd5e13b-30e2-4677-bdbe-0896afc04349', '778b5943-0a97-4924-843e-a8b2c429a028', 6),
  ('50a937da-0329-4f45-af25-db780bd9683f', '778b5943-0a97-4924-843e-a8b2c429a028', 1),
  ('a84d9e47-854b-4f47-bb6e-1b224423baba', '778b5943-0a97-4924-843e-a8b2c429a028', 8),
  ('fe451ce1-a004-4d63-a51f-6f908e2ce4d4', '778b5943-0a97-4924-843e-a8b2c429a028', 9),
  ('fb117bb1-e616-4fb6-97f5-bc7fb033da5c', '778b5943-0a97-4924-843e-a8b2c429a028', 6),
  ('9feff102-41eb-4fb8-86cc-ccedad369b0c', '778b5943-0a97-4924-843e-a8b2c429a028', 12),
  ('610cf248-10b7-40bc-89f0-85b2684a11e1', '778b5943-0a97-4924-843e-a8b2c429a028', 3),
  ('386afc65-a191-47e6-ada4-1a33e41a0ac1', '778b5943-0a97-4924-843e-a8b2c429a028', 4),
  ('37d25399-2db7-4ae3-b510-e3326a9a5279', '778b5943-0a97-4924-843e-a8b2c429a028', 5),
  ('42ac657d-bc02-4fe7-86a7-6f9c07f68148', '778b5943-0a97-4924-843e-a8b2c429a028', 4),
  ('8dfdabc0-d7b3-43ae-8a0a-ba8d0cc52d3b', '778b5943-0a97-4924-843e-a8b2c429a028', 8),
  ('7461bd33-d34b-42a3-97b2-a8c7b6d139e0', '778b5943-0a97-4924-843e-a8b2c429a028', 8),
  ('cf60b03d-ef6e-4afb-8c7f-dbe9afb047b6', '778b5943-0a97-4924-843e-a8b2c429a028', 7),
  ('2c9b3ced-f96c-4353-a5ff-b57aae73750a', '778b5943-0a97-4924-843e-a8b2c429a028', 5),
  ('7a1adfba-7278-42b3-9b5c-343d26c39731', '11054d73-832f-4a58-bc6c-06fbf906b227', 2),
  ('ddd5e13b-30e2-4677-bdbe-0896afc04349', '11054d73-832f-4a58-bc6c-06fbf906b227', 7),
  ('386afc65-a191-47e6-ada4-1a33e41a0ac1', '11054d73-832f-4a58-bc6c-06fbf906b227', 7),
  ('37d25399-2db7-4ae3-b510-e3326a9a5279', '11054d73-832f-4a58-bc6c-06fbf906b227', 1),
  ('42ac657d-bc02-4fe7-86a7-6f9c07f68148', '11054d73-832f-4a58-bc6c-06fbf906b227', 7),
  ('8dfdabc0-d7b3-43ae-8a0a-ba8d0cc52d3b', '11054d73-832f-4a58-bc6c-06fbf906b227', 4),
  ('7461bd33-d34b-42a3-97b2-a8c7b6d139e0', '11054d73-832f-4a58-bc6c-06fbf906b227', 6),
  ('cf60b03d-ef6e-4afb-8c7f-dbe9afb047b6', '11054d73-832f-4a58-bc6c-06fbf906b227', 3),
  ('2c9b3ced-f96c-4353-a5ff-b57aae73750a', '11054d73-832f-4a58-bc6c-06fbf906b227', 6),
  ('2517cf76-fa09-4846-b745-5837425cec6c', '5be526d1-9a7d-47bd-990d-a887ba85ffca', 17),
  ('a1b13882-f154-44a0-aaf4-f13be7ce2dc6', '5be526d1-9a7d-47bd-990d-a887ba85ffca', 1),
  ('aae096d9-ae09-4a80-88bc-23a697ee8888', '5be526d1-9a7d-47bd-990d-a887ba85ffca', 1),
  ('7a1adfba-7278-42b3-9b5c-343d26c39731', '5be526d1-9a7d-47bd-990d-a887ba85ffca', 3),
  ('ddd5e13b-30e2-4677-bdbe-0896afc04349', '5be526d1-9a7d-47bd-990d-a887ba85ffca', 8),
  ('50a937da-0329-4f45-af25-db780bd9683f', '5be526d1-9a7d-47bd-990d-a887ba85ffca', 5),
  ('a84d9e47-854b-4f47-bb6e-1b224423baba', '5be526d1-9a7d-47bd-990d-a887ba85ffca', 1),
  ('fe451ce1-a004-4d63-a51f-6f908e2ce4d4', '5be526d1-9a7d-47bd-990d-a887ba85ffca', 9),
  ('fb117bb1-e616-4fb6-97f5-bc7fb033da5c', '5be526d1-9a7d-47bd-990d-a887ba85ffca', 5),
  ('9feff102-41eb-4fb8-86cc-ccedad369b0c', '5be526d1-9a7d-47bd-990d-a887ba85ffca', 15),
  ('610cf248-10b7-40bc-89f0-85b2684a11e1', '5be526d1-9a7d-47bd-990d-a887ba85ffca', 2),
  ('386afc65-a191-47e6-ada4-1a33e41a0ac1', '5be526d1-9a7d-47bd-990d-a887ba85ffca', 6),
  ('37d25399-2db7-4ae3-b510-e3326a9a5279', '5be526d1-9a7d-47bd-990d-a887ba85ffca', 4),
  ('42ac657d-bc02-4fe7-86a7-6f9c07f68148', '5be526d1-9a7d-47bd-990d-a887ba85ffca', 6),
  ('8dfdabc0-d7b3-43ae-8a0a-ba8d0cc52d3b', '5be526d1-9a7d-47bd-990d-a887ba85ffca', 5),
  ('7461bd33-d34b-42a3-97b2-a8c7b6d139e0', '5be526d1-9a7d-47bd-990d-a887ba85ffca', 1),
  ('cf60b03d-ef6e-4afb-8c7f-dbe9afb047b6', '5be526d1-9a7d-47bd-990d-a887ba85ffca', 5),
  ('2c9b3ced-f96c-4353-a5ff-b57aae73750a', '5be526d1-9a7d-47bd-990d-a887ba85ffca', 2)
ON CONFLICT DO NOTHING;

-- 2020 participants
INSERT INTO participants (id, tournament_id, name, sort_order) VALUES
  ('0d3bc3c0-4fd5-4128-a698-6e876c57d8d7', '49d63443-dc9a-42a7-ba25-8a31097064d5', 'Odin', 1),
  ('eb95268f-bf3d-446f-978f-50fd6b019818', '49d63443-dc9a-42a7-ba25-8a31097064d5', 'Even', 2),
  ('5737c097-d022-4805-9b7c-13825d5f852d', '49d63443-dc9a-42a7-ba25-8a31097064d5', 'Morten', 3),
  ('a4d49375-48c6-4214-a9fc-64c28823bb75', '49d63443-dc9a-42a7-ba25-8a31097064d5', 'Eirik', 4),
  ('43fad345-c500-4968-bd80-4f4ffa9ff793', '49d63443-dc9a-42a7-ba25-8a31097064d5', 'Ådne', 5),
  ('73ed676d-ef87-47f1-933a-68bd943299ea', '49d63443-dc9a-42a7-ba25-8a31097064d5', 'Martin', 6),
  ('c05acea4-7c35-44e2-a4d2-9142caa3e655', '49d63443-dc9a-42a7-ba25-8a31097064d5', 'Edvart', 7),
  ('6725dc99-62ba-488b-a831-31254b24bcdc', '49d63443-dc9a-42a7-ba25-8a31097064d5', 'Halvdan', 8),
  ('05734e3d-06e9-406f-816e-cf511fe308ff', '49d63443-dc9a-42a7-ba25-8a31097064d5', 'Philip', 9),
  ('b275045a-dc58-40f7-82b5-cde762568671', '49d63443-dc9a-42a7-ba25-8a31097064d5', 'Daniel', 10),
  ('ac1fe614-b462-468c-bae3-2ed6381df982', '49d63443-dc9a-42a7-ba25-8a31097064d5', 'Bendik', 11),
  ('de11abd8-7682-4c33-a363-d22e1ce34013', '49d63443-dc9a-42a7-ba25-8a31097064d5', 'Elias', 12),
  ('09dfc9b9-aeec-4693-bd40-8d4f21d96381', '49d63443-dc9a-42a7-ba25-8a31097064d5', 'Ylja', 13)
ON CONFLICT DO NOTHING;

-- 2020 events
INSERT INTO events (id, tournament_id, name, sort_order, day, is_hansa) VALUES
  ('9319e5cb-0e3b-4102-977b-a115307961b3', '49d63443-dc9a-42a7-ba25-8a31097064d5', 'Beer pong', 1, 'Fredag', true),
  ('fbf056dc-2232-499c-b72b-3609a13e54ab', '49d63443-dc9a-42a7-ba25-8a31097064d5', 'Papirfly', 2, 'Fredag', false),
  ('7e03a4d9-9099-479c-9df7-8af1e39de4cf', '49d63443-dc9a-42a7-ba25-8a31097064d5', 'Bomullsdotten', 3, 'Fredag', false),
  ('d8308154-f37d-427d-9b91-1ec8aaa3cb8d', '49d63443-dc9a-42a7-ba25-8a31097064d5', 'Wii-fekting', 4, 'Fredag', false),
  ('fd9e88e3-e2e8-4c3b-b958-6e733db6178c', '49d63443-dc9a-42a7-ba25-8a31097064d5', 'Bordtennis', 5, 'Lørdag', false),
  ('67ca98ac-dd8e-48d4-bbc9-f25f96ef34a1', '49d63443-dc9a-42a7-ba25-8a31097064d5', 'Løpeskyte', 6, 'Lørdag', false),
  ('da0148cc-a7bf-4ee3-b7c5-ff3aeb4ec6e6', '49d63443-dc9a-42a7-ba25-8a31097064d5', 'Fosstafetten', 7, 'Lørdag', true),
  ('8b890f8c-e3ae-45c7-b4c3-924c5108a223', '49d63443-dc9a-42a7-ba25-8a31097064d5', 'Idealtid', 8, 'Lørdag', false),
  ('9a31ed5d-7337-42a5-9fd9-65d8305b471e', '49d63443-dc9a-42a7-ba25-8a31097064d5', 'Tippelappen', 9, 'Lørdag', false),
  ('fc6a6428-52f8-4dc5-a864-5408a5fe99b7', '49d63443-dc9a-42a7-ba25-8a31097064d5', 'Petanque', 10, 'Lørdag', false),
  ('699ac8d5-deb6-4d1b-8058-e5dc0d6409b0', '49d63443-dc9a-42a7-ba25-8a31097064d5', 'Raffle', 11, 'Søndag', false),
  ('32afcc43-8a0a-4de3-a99a-d0035f83460a', '49d63443-dc9a-42a7-ba25-8a31097064d5', 'Bezzerwisser', 12, 'Søndag', false),
  ('cdffb918-8d0b-4f65-9cd7-9252f49d783f', '49d63443-dc9a-42a7-ba25-8a31097064d5', 'Stein, saks, papir', 13, 'Søndag', false)
ON CONFLICT DO NOTHING;

-- 2020 results
INSERT INTO results (event_id, participant_id, placement) VALUES
  ('9319e5cb-0e3b-4102-977b-a115307961b3', '0d3bc3c0-4fd5-4128-a698-6e876c57d8d7', 17),
  ('9319e5cb-0e3b-4102-977b-a115307961b3', 'eb95268f-bf3d-446f-978f-50fd6b019818', 6),
  ('9319e5cb-0e3b-4102-977b-a115307961b3', '5737c097-d022-4805-9b7c-13825d5f852d', 15),
  ('9319e5cb-0e3b-4102-977b-a115307961b3', 'a4d49375-48c6-4214-a9fc-64c28823bb75', 6),
  ('9319e5cb-0e3b-4102-977b-a115307961b3', '43fad345-c500-4968-bd80-4f4ffa9ff793', 3),
  ('9319e5cb-0e3b-4102-977b-a115307961b3', '73ed676d-ef87-47f1-933a-68bd943299ea', 15),
  ('9319e5cb-0e3b-4102-977b-a115307961b3', '6725dc99-62ba-488b-a831-31254b24bcdc', 17),
  ('9319e5cb-0e3b-4102-977b-a115307961b3', '05734e3d-06e9-406f-816e-cf511fe308ff', 9),
  ('9319e5cb-0e3b-4102-977b-a115307961b3', 'b275045a-dc58-40f7-82b5-cde762568671', 9),
  ('9319e5cb-0e3b-4102-977b-a115307961b3', 'ac1fe614-b462-468c-bae3-2ed6381df982', 12),
  ('9319e5cb-0e3b-4102-977b-a115307961b3', 'de11abd8-7682-4c33-a363-d22e1ce34013', 12),
  ('9319e5cb-0e3b-4102-977b-a115307961b3', '09dfc9b9-aeec-4693-bd40-8d4f21d96381', 3),
  ('fbf056dc-2232-499c-b72b-3609a13e54ab', '0d3bc3c0-4fd5-4128-a698-6e876c57d8d7', 8),
  ('fbf056dc-2232-499c-b72b-3609a13e54ab', 'eb95268f-bf3d-446f-978f-50fd6b019818', 7),
  ('fbf056dc-2232-499c-b72b-3609a13e54ab', '5737c097-d022-4805-9b7c-13825d5f852d', 9),
  ('fbf056dc-2232-499c-b72b-3609a13e54ab', 'a4d49375-48c6-4214-a9fc-64c28823bb75', 10),
  ('fbf056dc-2232-499c-b72b-3609a13e54ab', '43fad345-c500-4968-bd80-4f4ffa9ff793', 11),
  ('fbf056dc-2232-499c-b72b-3609a13e54ab', '73ed676d-ef87-47f1-933a-68bd943299ea', 1),
  ('fbf056dc-2232-499c-b72b-3609a13e54ab', 'c05acea4-7c35-44e2-a4d2-9142caa3e655', 13),
  ('fbf056dc-2232-499c-b72b-3609a13e54ab', '6725dc99-62ba-488b-a831-31254b24bcdc', 6),
  ('fbf056dc-2232-499c-b72b-3609a13e54ab', '05734e3d-06e9-406f-816e-cf511fe308ff', 4),
  ('fbf056dc-2232-499c-b72b-3609a13e54ab', 'b275045a-dc58-40f7-82b5-cde762568671', 3),
  ('fbf056dc-2232-499c-b72b-3609a13e54ab', 'ac1fe614-b462-468c-bae3-2ed6381df982', 5),
  ('fbf056dc-2232-499c-b72b-3609a13e54ab', 'de11abd8-7682-4c33-a363-d22e1ce34013', 2),
  ('fbf056dc-2232-499c-b72b-3609a13e54ab', '09dfc9b9-aeec-4693-bd40-8d4f21d96381', 12),
  ('7e03a4d9-9099-479c-9df7-8af1e39de4cf', '0d3bc3c0-4fd5-4128-a698-6e876c57d8d7', 3),
  ('7e03a4d9-9099-479c-9df7-8af1e39de4cf', 'eb95268f-bf3d-446f-978f-50fd6b019818', 12),
  ('7e03a4d9-9099-479c-9df7-8af1e39de4cf', '5737c097-d022-4805-9b7c-13825d5f852d', 6),
  ('7e03a4d9-9099-479c-9df7-8af1e39de4cf', 'a4d49375-48c6-4214-a9fc-64c28823bb75', 2),
  ('7e03a4d9-9099-479c-9df7-8af1e39de4cf', '43fad345-c500-4968-bd80-4f4ffa9ff793', 13),
  ('7e03a4d9-9099-479c-9df7-8af1e39de4cf', '73ed676d-ef87-47f1-933a-68bd943299ea', 1),
  ('7e03a4d9-9099-479c-9df7-8af1e39de4cf', 'c05acea4-7c35-44e2-a4d2-9142caa3e655', 11),
  ('7e03a4d9-9099-479c-9df7-8af1e39de4cf', '6725dc99-62ba-488b-a831-31254b24bcdc', 4),
  ('7e03a4d9-9099-479c-9df7-8af1e39de4cf', '05734e3d-06e9-406f-816e-cf511fe308ff', 7),
  ('7e03a4d9-9099-479c-9df7-8af1e39de4cf', 'b275045a-dc58-40f7-82b5-cde762568671', 5),
  ('7e03a4d9-9099-479c-9df7-8af1e39de4cf', 'ac1fe614-b462-468c-bae3-2ed6381df982', 10),
  ('7e03a4d9-9099-479c-9df7-8af1e39de4cf', 'de11abd8-7682-4c33-a363-d22e1ce34013', 8),
  ('7e03a4d9-9099-479c-9df7-8af1e39de4cf', '09dfc9b9-aeec-4693-bd40-8d4f21d96381', 9),
  ('d8308154-f37d-427d-9b91-1ec8aaa3cb8d', '0d3bc3c0-4fd5-4128-a698-6e876c57d8d7', 7),
  ('d8308154-f37d-427d-9b91-1ec8aaa3cb8d', 'eb95268f-bf3d-446f-978f-50fd6b019818', 6),
  ('d8308154-f37d-427d-9b91-1ec8aaa3cb8d', '5737c097-d022-4805-9b7c-13825d5f852d', 13),
  ('d8308154-f37d-427d-9b91-1ec8aaa3cb8d', 'a4d49375-48c6-4214-a9fc-64c28823bb75', 3),
  ('d8308154-f37d-427d-9b91-1ec8aaa3cb8d', '43fad345-c500-4968-bd80-4f4ffa9ff793', 12),
  ('d8308154-f37d-427d-9b91-1ec8aaa3cb8d', '73ed676d-ef87-47f1-933a-68bd943299ea', 8),
  ('d8308154-f37d-427d-9b91-1ec8aaa3cb8d', 'c05acea4-7c35-44e2-a4d2-9142caa3e655', 4),
  ('d8308154-f37d-427d-9b91-1ec8aaa3cb8d', '6725dc99-62ba-488b-a831-31254b24bcdc', 5),
  ('d8308154-f37d-427d-9b91-1ec8aaa3cb8d', '05734e3d-06e9-406f-816e-cf511fe308ff', 1),
  ('d8308154-f37d-427d-9b91-1ec8aaa3cb8d', 'b275045a-dc58-40f7-82b5-cde762568671', 9),
  ('d8308154-f37d-427d-9b91-1ec8aaa3cb8d', 'ac1fe614-b462-468c-bae3-2ed6381df982', 11),
  ('d8308154-f37d-427d-9b91-1ec8aaa3cb8d', 'de11abd8-7682-4c33-a363-d22e1ce34013', 10),
  ('d8308154-f37d-427d-9b91-1ec8aaa3cb8d', '09dfc9b9-aeec-4693-bd40-8d4f21d96381', 2),
  ('fd9e88e3-e2e8-4c3b-b958-6e733db6178c', '0d3bc3c0-4fd5-4128-a698-6e876c57d8d7', 2),
  ('fd9e88e3-e2e8-4c3b-b958-6e733db6178c', '5737c097-d022-4805-9b7c-13825d5f852d', 10),
  ('fd9e88e3-e2e8-4c3b-b958-6e733db6178c', 'a4d49375-48c6-4214-a9fc-64c28823bb75', 5),
  ('fd9e88e3-e2e8-4c3b-b958-6e733db6178c', '43fad345-c500-4968-bd80-4f4ffa9ff793', 9),
  ('fd9e88e3-e2e8-4c3b-b958-6e733db6178c', '73ed676d-ef87-47f1-933a-68bd943299ea', 1),
  ('fd9e88e3-e2e8-4c3b-b958-6e733db6178c', 'c05acea4-7c35-44e2-a4d2-9142caa3e655', 8),
  ('fd9e88e3-e2e8-4c3b-b958-6e733db6178c', '6725dc99-62ba-488b-a831-31254b24bcdc', 7),
  ('fd9e88e3-e2e8-4c3b-b958-6e733db6178c', 'b275045a-dc58-40f7-82b5-cde762568671', 3),
  ('fd9e88e3-e2e8-4c3b-b958-6e733db6178c', 'ac1fe614-b462-468c-bae3-2ed6381df982', 4),
  ('fd9e88e3-e2e8-4c3b-b958-6e733db6178c', 'de11abd8-7682-4c33-a363-d22e1ce34013', 6),
  ('67ca98ac-dd8e-48d4-bbc9-f25f96ef34a1', '0d3bc3c0-4fd5-4128-a698-6e876c57d8d7', 7),
  ('67ca98ac-dd8e-48d4-bbc9-f25f96ef34a1', '5737c097-d022-4805-9b7c-13825d5f852d', 6),
  ('67ca98ac-dd8e-48d4-bbc9-f25f96ef34a1', 'a4d49375-48c6-4214-a9fc-64c28823bb75', 4),
  ('67ca98ac-dd8e-48d4-bbc9-f25f96ef34a1', '43fad345-c500-4968-bd80-4f4ffa9ff793', 1),
  ('67ca98ac-dd8e-48d4-bbc9-f25f96ef34a1', '73ed676d-ef87-47f1-933a-68bd943299ea', 2),
  ('67ca98ac-dd8e-48d4-bbc9-f25f96ef34a1', 'c05acea4-7c35-44e2-a4d2-9142caa3e655', 9),
  ('67ca98ac-dd8e-48d4-bbc9-f25f96ef34a1', '6725dc99-62ba-488b-a831-31254b24bcdc', 3),
  ('67ca98ac-dd8e-48d4-bbc9-f25f96ef34a1', 'b275045a-dc58-40f7-82b5-cde762568671', 5),
  ('67ca98ac-dd8e-48d4-bbc9-f25f96ef34a1', 'ac1fe614-b462-468c-bae3-2ed6381df982', 8),
  ('67ca98ac-dd8e-48d4-bbc9-f25f96ef34a1', 'de11abd8-7682-4c33-a363-d22e1ce34013', 10),
  ('da0148cc-a7bf-4ee3-b7c5-ff3aeb4ec6e6', '0d3bc3c0-4fd5-4128-a698-6e876c57d8d7', 6),
  ('da0148cc-a7bf-4ee3-b7c5-ff3aeb4ec6e6', '5737c097-d022-4805-9b7c-13825d5f852d', 17),
  ('da0148cc-a7bf-4ee3-b7c5-ff3aeb4ec6e6', 'a4d49375-48c6-4214-a9fc-64c28823bb75', 9),
  ('da0148cc-a7bf-4ee3-b7c5-ff3aeb4ec6e6', '43fad345-c500-4968-bd80-4f4ffa9ff793', 12),
  ('da0148cc-a7bf-4ee3-b7c5-ff3aeb4ec6e6', '73ed676d-ef87-47f1-933a-68bd943299ea', 17),
  ('da0148cc-a7bf-4ee3-b7c5-ff3aeb4ec6e6', 'c05acea4-7c35-44e2-a4d2-9142caa3e655', 12),
  ('da0148cc-a7bf-4ee3-b7c5-ff3aeb4ec6e6', '6725dc99-62ba-488b-a831-31254b24bcdc', 15),
  ('da0148cc-a7bf-4ee3-b7c5-ff3aeb4ec6e6', 'b275045a-dc58-40f7-82b5-cde762568671', 15),
  ('da0148cc-a7bf-4ee3-b7c5-ff3aeb4ec6e6', 'ac1fe614-b462-468c-bae3-2ed6381df982', 6),
  ('da0148cc-a7bf-4ee3-b7c5-ff3aeb4ec6e6', 'de11abd8-7682-4c33-a363-d22e1ce34013', 9),
  ('8b890f8c-e3ae-45c7-b4c3-924c5108a223', '0d3bc3c0-4fd5-4128-a698-6e876c57d8d7', 7),
  ('8b890f8c-e3ae-45c7-b4c3-924c5108a223', 'a4d49375-48c6-4214-a9fc-64c28823bb75', 9),
  ('8b890f8c-e3ae-45c7-b4c3-924c5108a223', '43fad345-c500-4968-bd80-4f4ffa9ff793', 6),
  ('8b890f8c-e3ae-45c7-b4c3-924c5108a223', '73ed676d-ef87-47f1-933a-68bd943299ea', 3),
  ('8b890f8c-e3ae-45c7-b4c3-924c5108a223', 'c05acea4-7c35-44e2-a4d2-9142caa3e655', 2),
  ('8b890f8c-e3ae-45c7-b4c3-924c5108a223', '6725dc99-62ba-488b-a831-31254b24bcdc', 1),
  ('8b890f8c-e3ae-45c7-b4c3-924c5108a223', '05734e3d-06e9-406f-816e-cf511fe308ff', 4),
  ('8b890f8c-e3ae-45c7-b4c3-924c5108a223', 'b275045a-dc58-40f7-82b5-cde762568671', 8),
  ('8b890f8c-e3ae-45c7-b4c3-924c5108a223', 'ac1fe614-b462-468c-bae3-2ed6381df982', 5),
  ('8b890f8c-e3ae-45c7-b4c3-924c5108a223', 'de11abd8-7682-4c33-a363-d22e1ce34013', 10),
  ('9a31ed5d-7337-42a5-9fd9-65d8305b471e', '0d3bc3c0-4fd5-4128-a698-6e876c57d8d7', 3),
  ('9a31ed5d-7337-42a5-9fd9-65d8305b471e', '5737c097-d022-4805-9b7c-13825d5f852d', 1),
  ('9a31ed5d-7337-42a5-9fd9-65d8305b471e', 'a4d49375-48c6-4214-a9fc-64c28823bb75', 3),
  ('9a31ed5d-7337-42a5-9fd9-65d8305b471e', '43fad345-c500-4968-bd80-4f4ffa9ff793', 7),
  ('9a31ed5d-7337-42a5-9fd9-65d8305b471e', '73ed676d-ef87-47f1-933a-68bd943299ea', 3),
  ('9a31ed5d-7337-42a5-9fd9-65d8305b471e', 'c05acea4-7c35-44e2-a4d2-9142caa3e655', 1),
  ('9a31ed5d-7337-42a5-9fd9-65d8305b471e', '6725dc99-62ba-488b-a831-31254b24bcdc', 7),
  ('9a31ed5d-7337-42a5-9fd9-65d8305b471e', '05734e3d-06e9-406f-816e-cf511fe308ff', 7),
  ('9a31ed5d-7337-42a5-9fd9-65d8305b471e', 'b275045a-dc58-40f7-82b5-cde762568671', 10),
  ('9a31ed5d-7337-42a5-9fd9-65d8305b471e', 'ac1fe614-b462-468c-bae3-2ed6381df982', 10),
  ('9a31ed5d-7337-42a5-9fd9-65d8305b471e', 'de11abd8-7682-4c33-a363-d22e1ce34013', 3),
  ('fc6a6428-52f8-4dc5-a864-5408a5fe99b7', '0d3bc3c0-4fd5-4128-a698-6e876c57d8d7', 9),
  ('fc6a6428-52f8-4dc5-a864-5408a5fe99b7', '5737c097-d022-4805-9b7c-13825d5f852d', 8),
  ('fc6a6428-52f8-4dc5-a864-5408a5fe99b7', 'a4d49375-48c6-4214-a9fc-64c28823bb75', 7),
  ('fc6a6428-52f8-4dc5-a864-5408a5fe99b7', '43fad345-c500-4968-bd80-4f4ffa9ff793', 6),
  ('fc6a6428-52f8-4dc5-a864-5408a5fe99b7', '73ed676d-ef87-47f1-933a-68bd943299ea', 2),
  ('fc6a6428-52f8-4dc5-a864-5408a5fe99b7', 'c05acea4-7c35-44e2-a4d2-9142caa3e655', 4),
  ('fc6a6428-52f8-4dc5-a864-5408a5fe99b7', '6725dc99-62ba-488b-a831-31254b24bcdc', 3),
  ('fc6a6428-52f8-4dc5-a864-5408a5fe99b7', '05734e3d-06e9-406f-816e-cf511fe308ff', 10),
  ('fc6a6428-52f8-4dc5-a864-5408a5fe99b7', 'b275045a-dc58-40f7-82b5-cde762568671', 5),
  ('fc6a6428-52f8-4dc5-a864-5408a5fe99b7', 'ac1fe614-b462-468c-bae3-2ed6381df982', 1),
  ('fc6a6428-52f8-4dc5-a864-5408a5fe99b7', 'de11abd8-7682-4c33-a363-d22e1ce34013', 11),
  ('699ac8d5-deb6-4d1b-8058-e5dc0d6409b0', '0d3bc3c0-4fd5-4128-a698-6e876c57d8d7', 7),
  ('699ac8d5-deb6-4d1b-8058-e5dc0d6409b0', 'eb95268f-bf3d-446f-978f-50fd6b019818', 1),
  ('699ac8d5-deb6-4d1b-8058-e5dc0d6409b0', 'a4d49375-48c6-4214-a9fc-64c28823bb75', 5),
  ('699ac8d5-deb6-4d1b-8058-e5dc0d6409b0', '43fad345-c500-4968-bd80-4f4ffa9ff793', 3),
  ('699ac8d5-deb6-4d1b-8058-e5dc0d6409b0', '73ed676d-ef87-47f1-933a-68bd943299ea', 2),
  ('699ac8d5-deb6-4d1b-8058-e5dc0d6409b0', 'c05acea4-7c35-44e2-a4d2-9142caa3e655', 6),
  ('699ac8d5-deb6-4d1b-8058-e5dc0d6409b0', '6725dc99-62ba-488b-a831-31254b24bcdc', 4),
  ('699ac8d5-deb6-4d1b-8058-e5dc0d6409b0', 'b275045a-dc58-40f7-82b5-cde762568671', 8),
  ('699ac8d5-deb6-4d1b-8058-e5dc0d6409b0', 'ac1fe614-b462-468c-bae3-2ed6381df982', 10),
  ('699ac8d5-deb6-4d1b-8058-e5dc0d6409b0', 'de11abd8-7682-4c33-a363-d22e1ce34013', 9),
  ('32afcc43-8a0a-4de3-a99a-d0035f83460a', '0d3bc3c0-4fd5-4128-a698-6e876c57d8d7', 8),
  ('32afcc43-8a0a-4de3-a99a-d0035f83460a', 'a4d49375-48c6-4214-a9fc-64c28823bb75', 6),
  ('32afcc43-8a0a-4de3-a99a-d0035f83460a', '73ed676d-ef87-47f1-933a-68bd943299ea', 5),
  ('32afcc43-8a0a-4de3-a99a-d0035f83460a', 'c05acea4-7c35-44e2-a4d2-9142caa3e655', 2),
  ('32afcc43-8a0a-4de3-a99a-d0035f83460a', '6725dc99-62ba-488b-a831-31254b24bcdc', 1),
  ('32afcc43-8a0a-4de3-a99a-d0035f83460a', 'b275045a-dc58-40f7-82b5-cde762568671', 2),
  ('32afcc43-8a0a-4de3-a99a-d0035f83460a', 'ac1fe614-b462-468c-bae3-2ed6381df982', 4),
  ('32afcc43-8a0a-4de3-a99a-d0035f83460a', 'de11abd8-7682-4c33-a363-d22e1ce34013', 7),
  ('cdffb918-8d0b-4f65-9cd7-9252f49d783f', '0d3bc3c0-4fd5-4128-a698-6e876c57d8d7', 10),
  ('cdffb918-8d0b-4f65-9cd7-9252f49d783f', 'eb95268f-bf3d-446f-978f-50fd6b019818', 9),
  ('cdffb918-8d0b-4f65-9cd7-9252f49d783f', 'a4d49375-48c6-4214-a9fc-64c28823bb75', 4),
  ('cdffb918-8d0b-4f65-9cd7-9252f49d783f', '43fad345-c500-4968-bd80-4f4ffa9ff793', 3),
  ('cdffb918-8d0b-4f65-9cd7-9252f49d783f', '73ed676d-ef87-47f1-933a-68bd943299ea', 8),
  ('cdffb918-8d0b-4f65-9cd7-9252f49d783f', 'c05acea4-7c35-44e2-a4d2-9142caa3e655', 5),
  ('cdffb918-8d0b-4f65-9cd7-9252f49d783f', '6725dc99-62ba-488b-a831-31254b24bcdc', 6),
  ('cdffb918-8d0b-4f65-9cd7-9252f49d783f', 'b275045a-dc58-40f7-82b5-cde762568671', 2),
  ('cdffb918-8d0b-4f65-9cd7-9252f49d783f', 'ac1fe614-b462-468c-bae3-2ed6381df982', 1),
  ('cdffb918-8d0b-4f65-9cd7-9252f49d783f', 'de11abd8-7682-4c33-a363-d22e1ce34013', 7)
ON CONFLICT DO NOTHING;

-- 2021 participants
INSERT INTO participants (id, tournament_id, name, sort_order) VALUES
  ('ca6e206c-e65b-4275-bf3e-0fa0038bc78b', 'b570023e-2915-4b20-b629-b3242c064329', 'Odin', 1),
  ('5cfb3c28-31cc-43c5-88c6-69be2d333f45', 'b570023e-2915-4b20-b629-b3242c064329', 'Even', 2),
  ('f148d2b4-1110-47d8-89d3-a05f4a1f61fc', 'b570023e-2915-4b20-b629-b3242c064329', 'Morten', 3),
  ('3730d021-b8de-4928-aed7-538bcf24d192', 'b570023e-2915-4b20-b629-b3242c064329', 'Eirik', 4),
  ('5d79ae94-e211-4653-b936-6a8750fc57cb', 'b570023e-2915-4b20-b629-b3242c064329', 'Martin', 5),
  ('4a71d9d5-b153-4b0b-854d-0c452e2b2dce', 'b570023e-2915-4b20-b629-b3242c064329', 'Edvart', 6),
  ('b8db642c-0209-42e2-9c16-5f1f0aaa7063', 'b570023e-2915-4b20-b629-b3242c064329', 'Halvdan', 7),
  ('b493a6f9-e835-48fb-95cb-8453dc1cc153', 'b570023e-2915-4b20-b629-b3242c064329', 'Philip', 8),
  ('a0d34e0f-45bd-40c0-a237-1a04ab4d6b16', 'b570023e-2915-4b20-b629-b3242c064329', 'Daniel', 9),
  ('1ccbb123-0616-47df-8718-0956ef0bbdef', 'b570023e-2915-4b20-b629-b3242c064329', 'Bendik', 10),
  ('0d618f56-559f-49e5-bdea-fa5bd7f3a048', 'b570023e-2915-4b20-b629-b3242c064329', 'Elias', 11)
ON CONFLICT DO NOTHING;

-- 2021 events
INSERT INTO events (id, tournament_id, name, sort_order, day, is_hansa) VALUES
  ('06fb4963-85f5-4f32-b292-26126785cc31', 'b570023e-2915-4b20-b629-b3242c064329', 'Beer pong', 1, 'Fredag', true),
  ('5c06e384-b8dd-48d0-815d-55e5d4c02f1f', 'b570023e-2915-4b20-b629-b3242c064329', 'Gnav', 2, 'Fredag', false),
  ('fecf32fe-34c5-4c59-b033-af557879680f', 'b570023e-2915-4b20-b629-b3242c064329', 'Papirfly', 3, 'Fredag', false),
  ('277bdcfe-7e37-49c2-b75e-07cad8d1ed12', 'b570023e-2915-4b20-b629-b3242c064329', 'Ultrakubb', 4, 'Fredag', true),
  ('6dac1ee7-2f68-435e-a92d-12647d12a742', 'b570023e-2915-4b20-b629-b3242c064329', 'Bordtennis', 5, 'Lørdag', false),
  ('75777d49-4133-443f-90df-0bbfcce78e17', 'b570023e-2915-4b20-b629-b3242c064329', 'Petanque', 6, 'Lørdag', false),
  ('5d79bae5-755a-498d-83d2-ef46faae5d57', 'b570023e-2915-4b20-b629-b3242c064329', 'Idealtid', 7, 'Lørdag', false),
  ('38f67176-90ed-4adb-b6d3-184a4f4d4906', 'b570023e-2915-4b20-b629-b3242c064329', 'Fyllefotball', 8, 'Lørdag', true),
  ('e98502b3-6ada-4d72-8e79-7fab6dabb131', 'b570023e-2915-4b20-b629-b3242c064329', 'Løpeskyte', 9, 'Søndag', false),
  ('c2ff1076-2889-4063-b177-9ca900d2a263', 'b570023e-2915-4b20-b629-b3242c064329', 'Volleyball', 10, 'Søndag', true),
  ('1ec83c81-5ae7-4a70-be42-51baa1aa5d13', 'b570023e-2915-4b20-b629-b3242c064329', 'Fordeleren', 11, 'Søndag', false),
  ('38dd1f00-e1b5-40f1-b27c-cbe480638da9', 'b570023e-2915-4b20-b629-b3242c064329', 'Stein, saks, papir', 12, 'Søndag', false)
ON CONFLICT DO NOTHING;

-- 2021 results
INSERT INTO results (event_id, participant_id, placement) VALUES
  ('06fb4963-85f5-4f32-b292-26126785cc31', 'b8db642c-0209-42e2-9c16-5f1f0aaa7063', 17),
  ('06fb4963-85f5-4f32-b292-26126785cc31', '1ccbb123-0616-47df-8718-0956ef0bbdef', 17),
  ('06fb4963-85f5-4f32-b292-26126785cc31', 'f148d2b4-1110-47d8-89d3-a05f4a1f61fc', 13),
  ('06fb4963-85f5-4f32-b292-26126785cc31', '3730d021-b8de-4928-aed7-538bcf24d192', 13),
  ('06fb4963-85f5-4f32-b292-26126785cc31', '0d618f56-559f-49e5-bdea-fa5bd7f3a048', 13),
  ('06fb4963-85f5-4f32-b292-26126785cc31', '4a71d9d5-b153-4b0b-854d-0c452e2b2dce', 10),
  ('06fb4963-85f5-4f32-b292-26126785cc31', 'b493a6f9-e835-48fb-95cb-8453dc1cc153', 8),
  ('06fb4963-85f5-4f32-b292-26126785cc31', 'a0d34e0f-45bd-40c0-a237-1a04ab4d6b16', 8),
  ('5c06e384-b8dd-48d0-815d-55e5d4c02f1f', 'ca6e206c-e65b-4275-bf3e-0fa0038bc78b', 9),
  ('5c06e384-b8dd-48d0-815d-55e5d4c02f1f', 'f148d2b4-1110-47d8-89d3-a05f4a1f61fc', 7),
  ('5c06e384-b8dd-48d0-815d-55e5d4c02f1f', '3730d021-b8de-4928-aed7-538bcf24d192', 4),
  ('5c06e384-b8dd-48d0-815d-55e5d4c02f1f', '4a71d9d5-b153-4b0b-854d-0c452e2b2dce', 8),
  ('5c06e384-b8dd-48d0-815d-55e5d4c02f1f', 'b8db642c-0209-42e2-9c16-5f1f0aaa7063', 2),
  ('5c06e384-b8dd-48d0-815d-55e5d4c02f1f', 'b493a6f9-e835-48fb-95cb-8453dc1cc153', 5),
  ('5c06e384-b8dd-48d0-815d-55e5d4c02f1f', 'a0d34e0f-45bd-40c0-a237-1a04ab4d6b16', 6),
  ('5c06e384-b8dd-48d0-815d-55e5d4c02f1f', '1ccbb123-0616-47df-8718-0956ef0bbdef', 3),
  ('5c06e384-b8dd-48d0-815d-55e5d4c02f1f', '0d618f56-559f-49e5-bdea-fa5bd7f3a048', 1),
  ('fecf32fe-34c5-4c59-b033-af557879680f', 'ca6e206c-e65b-4275-bf3e-0fa0038bc78b', 9),
  ('fecf32fe-34c5-4c59-b033-af557879680f', 'f148d2b4-1110-47d8-89d3-a05f4a1f61fc', 6),
  ('fecf32fe-34c5-4c59-b033-af557879680f', '3730d021-b8de-4928-aed7-538bcf24d192', 5),
  ('fecf32fe-34c5-4c59-b033-af557879680f', '4a71d9d5-b153-4b0b-854d-0c452e2b2dce', 7),
  ('fecf32fe-34c5-4c59-b033-af557879680f', 'b8db642c-0209-42e2-9c16-5f1f0aaa7063', 4),
  ('fecf32fe-34c5-4c59-b033-af557879680f', 'b493a6f9-e835-48fb-95cb-8453dc1cc153', 8),
  ('fecf32fe-34c5-4c59-b033-af557879680f', 'a0d34e0f-45bd-40c0-a237-1a04ab4d6b16', 1),
  ('fecf32fe-34c5-4c59-b033-af557879680f', '1ccbb123-0616-47df-8718-0956ef0bbdef', 3),
  ('fecf32fe-34c5-4c59-b033-af557879680f', '0d618f56-559f-49e5-bdea-fa5bd7f3a048', 2),
  ('277bdcfe-7e37-49c2-b75e-07cad8d1ed12', 'f148d2b4-1110-47d8-89d3-a05f4a1f61fc', 17),
  ('277bdcfe-7e37-49c2-b75e-07cad8d1ed12', 'b493a6f9-e835-48fb-95cb-8453dc1cc153', 17),
  ('277bdcfe-7e37-49c2-b75e-07cad8d1ed12', '4a71d9d5-b153-4b0b-854d-0c452e2b2dce', 13),
  ('277bdcfe-7e37-49c2-b75e-07cad8d1ed12', '0d618f56-559f-49e5-bdea-fa5bd7f3a048', 13),
  ('277bdcfe-7e37-49c2-b75e-07cad8d1ed12', '3730d021-b8de-4928-aed7-538bcf24d192', 10),
  ('277bdcfe-7e37-49c2-b75e-07cad8d1ed12', 'a0d34e0f-45bd-40c0-a237-1a04ab4d6b16', 10),
  ('277bdcfe-7e37-49c2-b75e-07cad8d1ed12', 'b8db642c-0209-42e2-9c16-5f1f0aaa7063', 8),
  ('277bdcfe-7e37-49c2-b75e-07cad8d1ed12', '1ccbb123-0616-47df-8718-0956ef0bbdef', 8),
  ('6dac1ee7-2f68-435e-a92d-12647d12a742', 'ca6e206c-e65b-4275-bf3e-0fa0038bc78b', 7),
  ('6dac1ee7-2f68-435e-a92d-12647d12a742', '5cfb3c28-31cc-43c5-88c6-69be2d333f45', 8),
  ('6dac1ee7-2f68-435e-a92d-12647d12a742', 'f148d2b4-1110-47d8-89d3-a05f4a1f61fc', 4),
  ('6dac1ee7-2f68-435e-a92d-12647d12a742', '3730d021-b8de-4928-aed7-538bcf24d192', 5),
  ('6dac1ee7-2f68-435e-a92d-12647d12a742', '5d79ae94-e211-4653-b936-6a8750fc57cb', 1),
  ('6dac1ee7-2f68-435e-a92d-12647d12a742', '4a71d9d5-b153-4b0b-854d-0c452e2b2dce', 6),
  ('6dac1ee7-2f68-435e-a92d-12647d12a742', 'b8db642c-0209-42e2-9c16-5f1f0aaa7063', 10),
  ('6dac1ee7-2f68-435e-a92d-12647d12a742', 'a0d34e0f-45bd-40c0-a237-1a04ab4d6b16', 2),
  ('6dac1ee7-2f68-435e-a92d-12647d12a742', '1ccbb123-0616-47df-8718-0956ef0bbdef', 3),
  ('6dac1ee7-2f68-435e-a92d-12647d12a742', '0d618f56-559f-49e5-bdea-fa5bd7f3a048', 9),
  ('75777d49-4133-443f-90df-0bbfcce78e17', 'ca6e206c-e65b-4275-bf3e-0fa0038bc78b', 1),
  ('75777d49-4133-443f-90df-0bbfcce78e17', '5cfb3c28-31cc-43c5-88c6-69be2d333f45', 7),
  ('75777d49-4133-443f-90df-0bbfcce78e17', 'f148d2b4-1110-47d8-89d3-a05f4a1f61fc', 10),
  ('75777d49-4133-443f-90df-0bbfcce78e17', '3730d021-b8de-4928-aed7-538bcf24d192', 5),
  ('75777d49-4133-443f-90df-0bbfcce78e17', '5d79ae94-e211-4653-b936-6a8750fc57cb', 6),
  ('75777d49-4133-443f-90df-0bbfcce78e17', '4a71d9d5-b153-4b0b-854d-0c452e2b2dce', 2),
  ('75777d49-4133-443f-90df-0bbfcce78e17', 'b8db642c-0209-42e2-9c16-5f1f0aaa7063', 9),
  ('75777d49-4133-443f-90df-0bbfcce78e17', 'a0d34e0f-45bd-40c0-a237-1a04ab4d6b16', 4),
  ('75777d49-4133-443f-90df-0bbfcce78e17', '1ccbb123-0616-47df-8718-0956ef0bbdef', 3),
  ('75777d49-4133-443f-90df-0bbfcce78e17', '0d618f56-559f-49e5-bdea-fa5bd7f3a048', 8),
  ('5d79bae5-755a-498d-83d2-ef46faae5d57', 'ca6e206c-e65b-4275-bf3e-0fa0038bc78b', 1),
  ('5d79bae5-755a-498d-83d2-ef46faae5d57', '5cfb3c28-31cc-43c5-88c6-69be2d333f45', 10),
  ('5d79bae5-755a-498d-83d2-ef46faae5d57', 'f148d2b4-1110-47d8-89d3-a05f4a1f61fc', 8),
  ('5d79bae5-755a-498d-83d2-ef46faae5d57', '3730d021-b8de-4928-aed7-538bcf24d192', 3),
  ('5d79bae5-755a-498d-83d2-ef46faae5d57', '5d79ae94-e211-4653-b936-6a8750fc57cb', 5),
  ('5d79bae5-755a-498d-83d2-ef46faae5d57', '4a71d9d5-b153-4b0b-854d-0c452e2b2dce', 2),
  ('5d79bae5-755a-498d-83d2-ef46faae5d57', 'b8db642c-0209-42e2-9c16-5f1f0aaa7063', 6),
  ('5d79bae5-755a-498d-83d2-ef46faae5d57', 'a0d34e0f-45bd-40c0-a237-1a04ab4d6b16', 7),
  ('5d79bae5-755a-498d-83d2-ef46faae5d57', '1ccbb123-0616-47df-8718-0956ef0bbdef', 4),
  ('5d79bae5-755a-498d-83d2-ef46faae5d57', '0d618f56-559f-49e5-bdea-fa5bd7f3a048', 9),
  ('38f67176-90ed-4adb-b6d3-184a4f4d4906', 'ca6e206c-e65b-4275-bf3e-0fa0038bc78b', 10),
  ('38f67176-90ed-4adb-b6d3-184a4f4d4906', '5cfb3c28-31cc-43c5-88c6-69be2d333f45', 5),
  ('38f67176-90ed-4adb-b6d3-184a4f4d4906', 'f148d2b4-1110-47d8-89d3-a05f4a1f61fc', 6),
  ('38f67176-90ed-4adb-b6d3-184a4f4d4906', '3730d021-b8de-4928-aed7-538bcf24d192', 10),
  ('38f67176-90ed-4adb-b6d3-184a4f4d4906', '5d79ae94-e211-4653-b936-6a8750fc57cb', 7),
  ('38f67176-90ed-4adb-b6d3-184a4f4d4906', '4a71d9d5-b153-4b0b-854d-0c452e2b2dce', 13),
  ('38f67176-90ed-4adb-b6d3-184a4f4d4906', 'b8db642c-0209-42e2-9c16-5f1f0aaa7063', 13),
  ('38f67176-90ed-4adb-b6d3-184a4f4d4906', 'a0d34e0f-45bd-40c0-a237-1a04ab4d6b16', 10),
  ('38f67176-90ed-4adb-b6d3-184a4f4d4906', '1ccbb123-0616-47df-8718-0956ef0bbdef', 10),
  ('e98502b3-6ada-4d72-8e79-7fab6dabb131', 'ca6e206c-e65b-4275-bf3e-0fa0038bc78b', 5),
  ('e98502b3-6ada-4d72-8e79-7fab6dabb131', '3730d021-b8de-4928-aed7-538bcf24d192', 8),
  ('e98502b3-6ada-4d72-8e79-7fab6dabb131', '5d79ae94-e211-4653-b936-6a8750fc57cb', 1),
  ('e98502b3-6ada-4d72-8e79-7fab6dabb131', '4a71d9d5-b153-4b0b-854d-0c452e2b2dce', 4),
  ('e98502b3-6ada-4d72-8e79-7fab6dabb131', 'b8db642c-0209-42e2-9c16-5f1f0aaa7063', 6),
  ('e98502b3-6ada-4d72-8e79-7fab6dabb131', 'a0d34e0f-45bd-40c0-a237-1a04ab4d6b16', 7),
  ('e98502b3-6ada-4d72-8e79-7fab6dabb131', '1ccbb123-0616-47df-8718-0956ef0bbdef', 2),
  ('e98502b3-6ada-4d72-8e79-7fab6dabb131', '0d618f56-559f-49e5-bdea-fa5bd7f3a048', 3),
  ('c2ff1076-2889-4063-b177-9ca900d2a263', 'ca6e206c-e65b-4275-bf3e-0fa0038bc78b', 7),
  ('c2ff1076-2889-4063-b177-9ca900d2a263', '3730d021-b8de-4928-aed7-538bcf24d192', 13),
  ('c2ff1076-2889-4063-b177-9ca900d2a263', '5d79ae94-e211-4653-b936-6a8750fc57cb', 13),
  ('c2ff1076-2889-4063-b177-9ca900d2a263', '4a71d9d5-b153-4b0b-854d-0c452e2b2dce', 13),
  ('c2ff1076-2889-4063-b177-9ca900d2a263', 'b8db642c-0209-42e2-9c16-5f1f0aaa7063', 10),
  ('c2ff1076-2889-4063-b177-9ca900d2a263', 'a0d34e0f-45bd-40c0-a237-1a04ab4d6b16', 4),
  ('c2ff1076-2889-4063-b177-9ca900d2a263', '1ccbb123-0616-47df-8718-0956ef0bbdef', 13),
  ('c2ff1076-2889-4063-b177-9ca900d2a263', '0d618f56-559f-49e5-bdea-fa5bd7f3a048', 7),
  ('1ec83c81-5ae7-4a70-be42-51baa1aa5d13', 'ca6e206c-e65b-4275-bf3e-0fa0038bc78b', 2),
  ('1ec83c81-5ae7-4a70-be42-51baa1aa5d13', '3730d021-b8de-4928-aed7-538bcf24d192', 8),
  ('1ec83c81-5ae7-4a70-be42-51baa1aa5d13', '5d79ae94-e211-4653-b936-6a8750fc57cb', 5),
  ('1ec83c81-5ae7-4a70-be42-51baa1aa5d13', '4a71d9d5-b153-4b0b-854d-0c452e2b2dce', 3),
  ('1ec83c81-5ae7-4a70-be42-51baa1aa5d13', 'b8db642c-0209-42e2-9c16-5f1f0aaa7063', 5),
  ('1ec83c81-5ae7-4a70-be42-51baa1aa5d13', 'a0d34e0f-45bd-40c0-a237-1a04ab4d6b16', 1),
  ('1ec83c81-5ae7-4a70-be42-51baa1aa5d13', '1ccbb123-0616-47df-8718-0956ef0bbdef', 4),
  ('1ec83c81-5ae7-4a70-be42-51baa1aa5d13', '0d618f56-559f-49e5-bdea-fa5bd7f3a048', 7),
  ('38dd1f00-e1b5-40f1-b27c-cbe480638da9', 'ca6e206c-e65b-4275-bf3e-0fa0038bc78b', 2),
  ('38dd1f00-e1b5-40f1-b27c-cbe480638da9', '3730d021-b8de-4928-aed7-538bcf24d192', 7),
  ('38dd1f00-e1b5-40f1-b27c-cbe480638da9', '5d79ae94-e211-4653-b936-6a8750fc57cb', 8),
  ('38dd1f00-e1b5-40f1-b27c-cbe480638da9', '4a71d9d5-b153-4b0b-854d-0c452e2b2dce', 3),
  ('38dd1f00-e1b5-40f1-b27c-cbe480638da9', 'b8db642c-0209-42e2-9c16-5f1f0aaa7063', 4),
  ('38dd1f00-e1b5-40f1-b27c-cbe480638da9', 'a0d34e0f-45bd-40c0-a237-1a04ab4d6b16', 5),
  ('38dd1f00-e1b5-40f1-b27c-cbe480638da9', '1ccbb123-0616-47df-8718-0956ef0bbdef', 1),
  ('38dd1f00-e1b5-40f1-b27c-cbe480638da9', '0d618f56-559f-49e5-bdea-fa5bd7f3a048', 6)
ON CONFLICT DO NOTHING;
