-- Historical data import: 2019, 2020, 2021
-- Run this in the Supabase SQL editor
-- All three years use scoring_direction='desc' (highest total wins = 'Poeng')

ALTER TABLE tournaments ADD COLUMN IF NOT EXISTS scoring_direction TEXT NOT NULL DEFAULT 'asc';

INSERT INTO tournaments (id, year, is_active, scoring_direction) VALUES
  ('d1c36ac7-5be8-47c2-a4a7-1e86e99c5066', 2019, false, 'desc'),
  ('2379f91e-5a6a-4cea-ba24-5254c7cbfc01', 2020, false, 'desc'),
  ('0f34c306-7ed1-4463-b906-58ddfb42f52e', 2021, false, 'desc');

INSERT INTO doeng_scale (id, tournament_id, position, points) VALUES
  ('248d04b2-c5ac-4c73-af95-0ead07117841', 'd1c36ac7-5be8-47c2-a4a7-1e86e99c5066', 1, 17),
  ('543c169a-88f3-4f6c-b00b-58fc78e60504', '2379f91e-5a6a-4cea-ba24-5254c7cbfc01', 1, 17),
  ('37e762e4-bcb6-48cf-944d-12a5f701fdc8', '0f34c306-7ed1-4463-b906-58ddfb42f52e', 1, 17),
  ('74a1f73f-e9c2-4d24-a1a4-a79635af18a7', 'd1c36ac7-5be8-47c2-a4a7-1e86e99c5066', 2, 15),
  ('87c16bf3-8e43-42af-bb72-9449af07191e', '2379f91e-5a6a-4cea-ba24-5254c7cbfc01', 2, 15),
  ('2c5fa2e3-1e1c-455f-9c7f-fd3cd2a1a688', '0f34c306-7ed1-4463-b906-58ddfb42f52e', 2, 15),
  ('29689e97-e670-4ac4-b18a-f52da172c433', 'd1c36ac7-5be8-47c2-a4a7-1e86e99c5066', 3, 13),
  ('68af52f4-fe2c-4189-ba92-b9d7be2cdb2e', '2379f91e-5a6a-4cea-ba24-5254c7cbfc01', 3, 13),
  ('c06e7e1d-9854-4f01-b27f-1227b1187af5', '0f34c306-7ed1-4463-b906-58ddfb42f52e', 3, 13),
  ('37909e91-d353-4338-b6f8-b3f3bef8a988', 'd1c36ac7-5be8-47c2-a4a7-1e86e99c5066', 4, 11),
  ('aeb68cdf-1945-4d19-bad5-ec961ec18e13', '2379f91e-5a6a-4cea-ba24-5254c7cbfc01', 4, 11),
  ('5b4c1410-338e-4b67-809e-60441bb13089', '0f34c306-7ed1-4463-b906-58ddfb42f52e', 4, 11),
  ('fcfffa6d-f51c-4f59-9239-0e0fdaa33a57', 'd1c36ac7-5be8-47c2-a4a7-1e86e99c5066', 5, 10),
  ('f932fd9b-0bb5-4585-9505-37c0687fa3e1', '2379f91e-5a6a-4cea-ba24-5254c7cbfc01', 5, 10),
  ('a76ef2bf-0df8-4069-9321-c4ed5f3f6c1d', '0f34c306-7ed1-4463-b906-58ddfb42f52e', 5, 10),
  ('e9bd97c2-2389-4c9d-a290-3e5587207cea', 'd1c36ac7-5be8-47c2-a4a7-1e86e99c5066', 6, 9),
  ('bbfbb694-41f7-418c-a2cd-14f30fa90898', '2379f91e-5a6a-4cea-ba24-5254c7cbfc01', 6, 9),
  ('e83a85ee-9b3c-4237-bb23-e074789cc5ba', '0f34c306-7ed1-4463-b906-58ddfb42f52e', 6, 9),
  ('77f95209-62b8-410f-a1fa-cc25a6597b79', 'd1c36ac7-5be8-47c2-a4a7-1e86e99c5066', 7, 8),
  ('b4c003c9-39c4-43f8-915c-e347aee92066', '2379f91e-5a6a-4cea-ba24-5254c7cbfc01', 7, 8),
  ('2300d3d2-eec7-4313-b4de-71655ed87131', '0f34c306-7ed1-4463-b906-58ddfb42f52e', 7, 8),
  ('82b90a12-98e4-48c1-92ff-0820771b2eba', 'd1c36ac7-5be8-47c2-a4a7-1e86e99c5066', 8, 7),
  ('5c11d70f-3ec8-442d-b4e8-4e01bb8e7550', '2379f91e-5a6a-4cea-ba24-5254c7cbfc01', 8, 7),
  ('f9f5765f-2097-4536-8048-27eabcffe14c', '0f34c306-7ed1-4463-b906-58ddfb42f52e', 8, 7),
  ('4c4be1dd-0970-4e00-b312-311cc1e0c653', 'd1c36ac7-5be8-47c2-a4a7-1e86e99c5066', 9, 6),
  ('258d7454-b63f-4601-9184-2df63f2c36f1', '2379f91e-5a6a-4cea-ba24-5254c7cbfc01', 9, 6),
  ('ede7c996-caf5-4646-946c-773255f15148', '0f34c306-7ed1-4463-b906-58ddfb42f52e', 9, 6),
  ('cdd4a6bd-eae6-49ae-be06-af140884c35a', 'd1c36ac7-5be8-47c2-a4a7-1e86e99c5066', 10, 5),
  ('fc0b0b4a-23ea-4e94-84a5-33dd34d91252', '2379f91e-5a6a-4cea-ba24-5254c7cbfc01', 10, 5),
  ('2389b8b5-f16e-4f94-a4d8-e69b6afadeec', '0f34c306-7ed1-4463-b906-58ddfb42f52e', 10, 5),
  ('cd4f2b93-778f-432f-b6b5-8428fab1cc38', 'd1c36ac7-5be8-47c2-a4a7-1e86e99c5066', 11, 4),
  ('d1ae6b60-979f-4c55-97ec-233abf30034e', '2379f91e-5a6a-4cea-ba24-5254c7cbfc01', 11, 4),
  ('bc496ef8-d924-495e-9828-cf5abe5a2a3e', '0f34c306-7ed1-4463-b906-58ddfb42f52e', 11, 4),
  ('2f1451c1-78fc-4836-ba10-d1856b9a5b02', 'd1c36ac7-5be8-47c2-a4a7-1e86e99c5066', 12, 3),
  ('71c8ebe7-74bb-4cd4-89e6-0db4253efa43', '2379f91e-5a6a-4cea-ba24-5254c7cbfc01', 12, 3),
  ('139eef94-af91-4ea8-b47e-e14df800e8f6', '0f34c306-7ed1-4463-b906-58ddfb42f52e', 12, 3),
  ('ea575cd8-c04a-481a-b9f8-9d333821ecf5', 'd1c36ac7-5be8-47c2-a4a7-1e86e99c5066', 13, 2),
  ('0508d96c-226d-42b5-96c9-92138527a573', '2379f91e-5a6a-4cea-ba24-5254c7cbfc01', 13, 2),
  ('6efad816-1076-40cc-ba21-23cafd81f231', '0f34c306-7ed1-4463-b906-58ddfb42f52e', 13, 2),
  ('2b74ff85-3638-42fd-9773-9d00fa81734a', 'd1c36ac7-5be8-47c2-a4a7-1e86e99c5066', 14, 1),
  ('01f0804f-ec00-4c55-9162-189e79cd25b1', '2379f91e-5a6a-4cea-ba24-5254c7cbfc01', 14, 1),
  ('2951f823-7cd9-4552-b01d-905d916a0911', '0f34c306-7ed1-4463-b906-58ddfb42f52e', 14, 1);

-- 2019 participants
INSERT INTO participants (id, tournament_id, name, sort_order) VALUES
  ('1363130d-80cb-4e45-842b-518e8fc458bd', 'd1c36ac7-5be8-47c2-a4a7-1e86e99c5066', 'Edvard', 1),
  ('795e9070-c283-4dde-91de-4f534341cf5d', 'd1c36ac7-5be8-47c2-a4a7-1e86e99c5066', 'Halvdan', 2),
  ('ad789e79-451d-4290-8974-f0fe9fcd1596', 'd1c36ac7-5be8-47c2-a4a7-1e86e99c5066', 'Johan', 3),
  ('842afebe-f036-4553-81e4-7e8084916106', 'd1c36ac7-5be8-47c2-a4a7-1e86e99c5066', 'Morten', 4),
  ('38554bc9-94bf-42ed-b76f-8b4b84fc6a53', 'd1c36ac7-5be8-47c2-a4a7-1e86e99c5066', 'Daniel', 5),
  ('e6571d67-cca8-4ae7-974f-8fd17919f76a', 'd1c36ac7-5be8-47c2-a4a7-1e86e99c5066', 'Eirik', 6),
  ('b14427f5-51da-48ab-8142-12776cc4b85a', 'd1c36ac7-5be8-47c2-a4a7-1e86e99c5066', 'Martin', 7),
  ('d12cf6f6-6b32-4b89-b377-0cd815e5b74a', 'd1c36ac7-5be8-47c2-a4a7-1e86e99c5066', 'Simon', 8),
  ('f525f56c-fb04-44e3-ab19-4860ecfc6afa', 'd1c36ac7-5be8-47c2-a4a7-1e86e99c5066', 'Bendik', 9),
  ('2a3f2afc-2d6f-467a-9b4e-3ece92161b44', 'd1c36ac7-5be8-47c2-a4a7-1e86e99c5066', 'Gjermund', 10),
  ('b6359886-6d92-44e6-9d18-5125cbdf7e46', 'd1c36ac7-5be8-47c2-a4a7-1e86e99c5066', 'Odin', 11);

-- 2019 events
INSERT INTO events (id, tournament_id, name, sort_order, day, is_hansa) VALUES
  ('a706cb0f-9858-4cf0-bcd8-475ad61e3f3b', 'd1c36ac7-5be8-47c2-a4a7-1e86e99c5066', 'Beer pong', 1, NULL, true),
  ('a915fd07-c922-496d-a618-1c98d1a26ca3', 'd1c36ac7-5be8-47c2-a4a7-1e86e99c5066', 'Papirfly', 2, 'Fredag', false),
  ('b44dca81-9fa5-49c9-8272-7624de31cf95', 'd1c36ac7-5be8-47c2-a4a7-1e86e99c5066', 'Bomullsdotten', 3, 'Fredag', false),
  ('f6b5100a-21de-40b9-b7c3-8f49847b1036', 'd1c36ac7-5be8-47c2-a4a7-1e86e99c5066', 'Gnav', 4, 'Fredag', false),
  ('21ce663b-3519-4c31-9f27-9eb9de3e8c60', 'd1c36ac7-5be8-47c2-a4a7-1e86e99c5066', 'Mario kart', 5, 'Fredag', false),
  ('d651500c-aaaf-48b7-a7a6-9cedd54b7840', 'd1c36ac7-5be8-47c2-a4a7-1e86e99c5066', 'Bordtennis', 6, 'Lørdag', false),
  ('3d0630fe-d3ce-4f35-8189-7e37aebf1263', 'd1c36ac7-5be8-47c2-a4a7-1e86e99c5066', 'GeoGuessr', 7, 'Lørdag', false),
  ('9567af81-131c-4f77-8d55-dc3b87ce8595', 'd1c36ac7-5be8-47c2-a4a7-1e86e99c5066', 'Fosstafetten', 8, 'Lørdag', true),
  ('22fcf609-3e06-41de-97a4-80db0acf0abd', 'd1c36ac7-5be8-47c2-a4a7-1e86e99c5066', 'Blåserør', 9, 'Lørdag', false),
  ('608acde2-0a1f-4dd4-9088-d77a034895bc', 'd1c36ac7-5be8-47c2-a4a7-1e86e99c5066', 'Fotball', 10, 'Lørdag', true),
  ('2f5d716c-1133-4d39-a575-aa5d7ab92471', 'd1c36ac7-5be8-47c2-a4a7-1e86e99c5066', 'Idealtid', 11, 'Lørdag', false),
  ('b61c9258-9d04-4c49-8c00-c4f852ac5151', 'd1c36ac7-5be8-47c2-a4a7-1e86e99c5066', 'Kubb', 12, 'Søndag', false),
  ('9c829141-843b-400d-859c-b112513585b5', 'd1c36ac7-5be8-47c2-a4a7-1e86e99c5066', 'Volleyball', 13, 'Søndag', false),
  ('07f17479-8bbc-405c-90c1-96bbba905f88', 'd1c36ac7-5be8-47c2-a4a7-1e86e99c5066', 'Basketball', 14, 'Søndag', false),
  ('b09be48d-6abf-479c-b1c1-55bdf198ca63', 'd1c36ac7-5be8-47c2-a4a7-1e86e99c5066', 'Ringbryting', 15, 'Søndag', false),
  ('662d881c-0421-4a76-9de7-a48e126808b3', 'd1c36ac7-5be8-47c2-a4a7-1e86e99c5066', 'Bezzerwisser', 16, 'Søndag', false),
  ('0bfb7231-5156-4218-a2b7-952f6e1d869e', 'd1c36ac7-5be8-47c2-a4a7-1e86e99c5066', 'Raffle', 17, 'Søndag', false),
  ('db65723b-afb2-4519-8095-7e6963eb2da8', 'd1c36ac7-5be8-47c2-a4a7-1e86e99c5066', 'Stein, saks, papir', 18, 'Søndag', false);

-- 2019 results
INSERT INTO results (id, event_id, participant_id, placement) VALUES
  ('b46aca84-3fd5-41b6-941f-21b0d29f6c1e', 'a706cb0f-9858-4cf0-bcd8-475ad61e3f3b', '1363130d-80cb-4e45-842b-518e8fc458bd', 12),
  ('9a6f4b3b-425e-47cb-916f-aa71116f382d', 'a915fd07-c922-496d-a618-1c98d1a26ca3', '1363130d-80cb-4e45-842b-518e8fc458bd', 8),
  ('bc250a05-d3aa-4772-a577-a44b6c038b8a', 'b44dca81-9fa5-49c9-8272-7624de31cf95', '1363130d-80cb-4e45-842b-518e8fc458bd', 6),
  ('bdc424ae-d837-4503-9c73-619e8fb2c525', 'f6b5100a-21de-40b9-b7c3-8f49847b1036', '1363130d-80cb-4e45-842b-518e8fc458bd', 8),
  ('2cb4df5a-c299-43dd-b010-b4bb6921cf4f', '21ce663b-3519-4c31-9f27-9eb9de3e8c60', '1363130d-80cb-4e45-842b-518e8fc458bd', 5),
  ('e5513bec-33b3-436e-9c52-0dcc99ef8790', 'd651500c-aaaf-48b7-a7a6-9cedd54b7840', '1363130d-80cb-4e45-842b-518e8fc458bd', 5),
  ('8fd397b3-d11b-4cc4-a613-e7db9c375265', '3d0630fe-d3ce-4f35-8189-7e37aebf1263', '1363130d-80cb-4e45-842b-518e8fc458bd', 2),
  ('f2bcc41b-effc-400c-9d62-e581fd11d07e', '9567af81-131c-4f77-8d55-dc3b87ce8595', '1363130d-80cb-4e45-842b-518e8fc458bd', 17),
  ('894c50dd-418f-4084-851f-21a3ac4b0ac8', '22fcf609-3e06-41de-97a4-80db0acf0abd', '1363130d-80cb-4e45-842b-518e8fc458bd', 1),
  ('fb452813-3141-498a-9723-918be369482c', '608acde2-0a1f-4dd4-9088-d77a034895bc', '1363130d-80cb-4e45-842b-518e8fc458bd', 12),
  ('36247944-50dd-48cc-beb4-7d6dc8232b45', '2f5d716c-1133-4d39-a575-aa5d7ab92471', '1363130d-80cb-4e45-842b-518e8fc458bd', 4),
  ('222db423-552d-4cb0-aaf9-f05c4e58c37b', 'b61c9258-9d04-4c49-8c00-c4f852ac5151', '1363130d-80cb-4e45-842b-518e8fc458bd', 5),
  ('fd2b8bcb-e8ac-4f63-9449-d3caf56a9c54', '9c829141-843b-400d-859c-b112513585b5', '1363130d-80cb-4e45-842b-518e8fc458bd', 3),
  ('3310a271-b0df-4561-85af-360b37042bd8', '07f17479-8bbc-405c-90c1-96bbba905f88', '1363130d-80cb-4e45-842b-518e8fc458bd', 1),
  ('f2d585f0-62f4-4e56-aeb0-def5a9a9eaa0', 'a706cb0f-9858-4cf0-bcd8-475ad61e3f3b', '795e9070-c283-4dde-91de-4f534341cf5d', 15),
  ('a1d7b7a6-c86a-400d-b917-34b85e806450', 'a915fd07-c922-496d-a618-1c98d1a26ca3', '795e9070-c283-4dde-91de-4f534341cf5d', 7),
  ('9a1b478f-9982-4776-ae3f-7ec27f2fd10c', 'b44dca81-9fa5-49c9-8272-7624de31cf95', '795e9070-c283-4dde-91de-4f534341cf5d', 8),
  ('b8f5b710-b89b-470b-aff1-b47650db86d7', 'f6b5100a-21de-40b9-b7c3-8f49847b1036', '795e9070-c283-4dde-91de-4f534341cf5d', 5),
  ('625309fe-bd13-4ed5-a230-9d350b34408f', '21ce663b-3519-4c31-9f27-9eb9de3e8c60', '795e9070-c283-4dde-91de-4f534341cf5d', 3),
  ('1eb9c6df-489a-411a-9662-88af901e40ce', 'd651500c-aaaf-48b7-a7a6-9cedd54b7840', '795e9070-c283-4dde-91de-4f534341cf5d', 4),
  ('1de865e9-7388-4060-bf5f-9137a9391b1f', '3d0630fe-d3ce-4f35-8189-7e37aebf1263', '795e9070-c283-4dde-91de-4f534341cf5d', 7),
  ('6c648725-3eae-43b5-9652-d8568d31ac26', '9567af81-131c-4f77-8d55-dc3b87ce8595', '795e9070-c283-4dde-91de-4f534341cf5d', 12),
  ('4e31c47b-a212-41f4-801d-5e2b90630dac', '22fcf609-3e06-41de-97a4-80db0acf0abd', '795e9070-c283-4dde-91de-4f534341cf5d', 3),
  ('a0286e29-6e36-4997-9065-fa9d01840bad', '608acde2-0a1f-4dd4-9088-d77a034895bc', '795e9070-c283-4dde-91de-4f534341cf5d', 15),
  ('b3daf613-f9f6-41c2-91e4-8b5949e27de6', '2f5d716c-1133-4d39-a575-aa5d7ab92471', '795e9070-c283-4dde-91de-4f534341cf5d', 5),
  ('5f2d1137-5df5-4be8-942f-fd0902e63727', 'b61c9258-9d04-4c49-8c00-c4f852ac5151', '795e9070-c283-4dde-91de-4f534341cf5d', 2),
  ('6b8d257e-0e15-4477-b562-42a766fcfaa8', '9c829141-843b-400d-859c-b112513585b5', '795e9070-c283-4dde-91de-4f534341cf5d', 7),
  ('65157b1c-f5fe-484a-9463-f7a5babea541', '07f17479-8bbc-405c-90c1-96bbba905f88', '795e9070-c283-4dde-91de-4f534341cf5d', 2),
  ('3a93e77b-1f3f-4c2c-b9af-ba7aa994152f', 'b09be48d-6abf-479c-b1c1-55bdf198ca63', '795e9070-c283-4dde-91de-4f534341cf5d', 3),
  ('640c1c58-5682-47a5-916c-67691ef5f7b9', '662d881c-0421-4a76-9de7-a48e126808b3', '795e9070-c283-4dde-91de-4f534341cf5d', 8),
  ('58cf879d-6f2a-47cf-8bc0-914b74262265', '0bfb7231-5156-4218-a2b7-952f6e1d869e', '795e9070-c283-4dde-91de-4f534341cf5d', 6),
  ('f89d96b8-fdb7-4192-8987-80b0795e5558', 'db65723b-afb2-4519-8095-7e6963eb2da8', '795e9070-c283-4dde-91de-4f534341cf5d', 4),
  ('831fc786-5156-4dd6-93ef-f6d9ab088490', 'd651500c-aaaf-48b7-a7a6-9cedd54b7840', 'ad789e79-451d-4290-8974-f0fe9fcd1596', 8),
  ('af1b44d1-40d3-4f55-b9bd-9e876882b642', '3d0630fe-d3ce-4f35-8189-7e37aebf1263', 'ad789e79-451d-4290-8974-f0fe9fcd1596', 4),
  ('e5c62b5f-0cc3-4c96-84fc-75de68793297', '9567af81-131c-4f77-8d55-dc3b87ce8595', 'ad789e79-451d-4290-8974-f0fe9fcd1596', 12),
  ('7211683d-67bd-4b4a-bb36-efc2262d1571', '22fcf609-3e06-41de-97a4-80db0acf0abd', 'ad789e79-451d-4290-8974-f0fe9fcd1596', 7),
  ('7c7b6e36-eeb3-4abe-8adc-2dd5ed5bc9df', 'a706cb0f-9858-4cf0-bcd8-475ad61e3f3b', '842afebe-f036-4553-81e4-7e8084916106', 15),
  ('c8848e23-5e6a-4cca-9129-d2986f9623d8', 'a915fd07-c922-496d-a618-1c98d1a26ca3', '842afebe-f036-4553-81e4-7e8084916106', 9),
  ('8c35c96a-d6b4-49a3-9f22-5d41e013784a', 'b44dca81-9fa5-49c9-8272-7624de31cf95', '842afebe-f036-4553-81e4-7e8084916106', 4),
  ('389853b8-90ef-4f63-9505-5cc62ad543cc', 'f6b5100a-21de-40b9-b7c3-8f49847b1036', '842afebe-f036-4553-81e4-7e8084916106', 10),
  ('17c781cf-8de5-4c96-8078-189e43921e2c', 'd651500c-aaaf-48b7-a7a6-9cedd54b7840', '842afebe-f036-4553-81e4-7e8084916106', 8),
  ('d971be61-3c32-4576-9cf9-7d6779952854', '3d0630fe-d3ce-4f35-8189-7e37aebf1263', '842afebe-f036-4553-81e4-7e8084916106', 5),
  ('80f41b10-fe12-42ba-baee-e936d3ddd2a1', '9567af81-131c-4f77-8d55-dc3b87ce8595', '842afebe-f036-4553-81e4-7e8084916106', 17),
  ('6a9b0cdb-9cee-4b69-8552-0c0a77a34f48', '22fcf609-3e06-41de-97a4-80db0acf0abd', '842afebe-f036-4553-81e4-7e8084916106', 2),
  ('26730a13-3ca4-4a7f-b6c9-e349bb1b2d02', '608acde2-0a1f-4dd4-9088-d77a034895bc', '842afebe-f036-4553-81e4-7e8084916106', 6),
  ('64ab70ef-d8f3-4dba-ae3b-a0c24f2e0eda', 'b61c9258-9d04-4c49-8c00-c4f852ac5151', '842afebe-f036-4553-81e4-7e8084916106', 8),
  ('3a078121-ea69-486a-8009-78b3c3b9e655', '9c829141-843b-400d-859c-b112513585b5', '842afebe-f036-4553-81e4-7e8084916106', 8),
  ('9ca9228d-e1a8-4d71-b607-e194407ec542', '07f17479-8bbc-405c-90c1-96bbba905f88', '842afebe-f036-4553-81e4-7e8084916106', 8),
  ('2d9c522a-df4c-42aa-b110-a7e643c27212', 'b09be48d-6abf-479c-b1c1-55bdf198ca63', '842afebe-f036-4553-81e4-7e8084916106', 1),
  ('8fc48448-8adf-40a2-8c3a-6a76d3a181a4', '662d881c-0421-4a76-9de7-a48e126808b3', '842afebe-f036-4553-81e4-7e8084916106', 5),
  ('7a373b52-f6c9-443c-b347-7f8545140e7c', 'a706cb0f-9858-4cf0-bcd8-475ad61e3f3b', '38554bc9-94bf-42ed-b76f-8b4b84fc6a53', 9),
  ('0bfaaecb-2f72-4da5-b24f-a021d9f9f11d', 'a915fd07-c922-496d-a618-1c98d1a26ca3', '38554bc9-94bf-42ed-b76f-8b4b84fc6a53', 6),
  ('b0cab49c-e65f-42ff-a8da-f853584c31a8', 'b44dca81-9fa5-49c9-8272-7624de31cf95', '38554bc9-94bf-42ed-b76f-8b4b84fc6a53', 9),
  ('fea39363-87c8-498f-a34c-c9280aec2f86', 'f6b5100a-21de-40b9-b7c3-8f49847b1036', '38554bc9-94bf-42ed-b76f-8b4b84fc6a53', 9),
  ('87b1b7d7-c0d1-46f5-8dd3-0e50e04f508f', '21ce663b-3519-4c31-9f27-9eb9de3e8c60', '38554bc9-94bf-42ed-b76f-8b4b84fc6a53', 1),
  ('b30a774a-f374-4b80-b265-39697ee6e165', 'd651500c-aaaf-48b7-a7a6-9cedd54b7840', '38554bc9-94bf-42ed-b76f-8b4b84fc6a53', 8),
  ('3b1d02ad-dd40-4a2d-9bb9-5002b9303b54', '3d0630fe-d3ce-4f35-8189-7e37aebf1263', '38554bc9-94bf-42ed-b76f-8b4b84fc6a53', 5),
  ('5c5e917c-1029-4eac-8010-f6792a28a49b', '9567af81-131c-4f77-8d55-dc3b87ce8595', '38554bc9-94bf-42ed-b76f-8b4b84fc6a53', 6),
  ('351e74d1-8799-4620-a50c-e6ff138f5226', '22fcf609-3e06-41de-97a4-80db0acf0abd', '38554bc9-94bf-42ed-b76f-8b4b84fc6a53', 9),
  ('b5057d55-fd20-41ae-a3dd-897280704c70', '608acde2-0a1f-4dd4-9088-d77a034895bc', '38554bc9-94bf-42ed-b76f-8b4b84fc6a53', 17),
  ('cb6e4878-bd1b-44e6-a5f3-38ab25014c05', '2f5d716c-1133-4d39-a575-aa5d7ab92471', '38554bc9-94bf-42ed-b76f-8b4b84fc6a53', 1),
  ('2ecae899-be92-4fac-8549-f6ad508745dc', 'b09be48d-6abf-479c-b1c1-55bdf198ca63', '38554bc9-94bf-42ed-b76f-8b4b84fc6a53', 2),
  ('3325cf3e-f6af-43d8-be63-27eda8199fa1', '662d881c-0421-4a76-9de7-a48e126808b3', '38554bc9-94bf-42ed-b76f-8b4b84fc6a53', 3),
  ('68b6e9bf-5186-4b84-8e17-4c33333d428f', '0bfb7231-5156-4218-a2b7-952f6e1d869e', '38554bc9-94bf-42ed-b76f-8b4b84fc6a53', 1),
  ('f0d90028-2d0c-4c8d-969e-ac1feabf25e4', 'db65723b-afb2-4519-8095-7e6963eb2da8', '38554bc9-94bf-42ed-b76f-8b4b84fc6a53', 6),
  ('00dca332-910f-4de5-89c6-e1ba8173d793', 'a706cb0f-9858-4cf0-bcd8-475ad61e3f3b', 'e6571d67-cca8-4ae7-974f-8fd17919f76a', 12),
  ('93992c39-38d2-43bc-875d-5063b1ed1b2d', 'a915fd07-c922-496d-a618-1c98d1a26ca3', 'e6571d67-cca8-4ae7-974f-8fd17919f76a', 5),
  ('d7295c5b-4b41-4b1e-9483-84c9feaa2fd7', 'b44dca81-9fa5-49c9-8272-7624de31cf95', 'e6571d67-cca8-4ae7-974f-8fd17919f76a', 5),
  ('e17d507d-b206-4b59-93fe-bcfbf026e9c7', 'f6b5100a-21de-40b9-b7c3-8f49847b1036', 'e6571d67-cca8-4ae7-974f-8fd17919f76a', 1),
  ('71160283-ccc0-4396-86d8-9ed155cb32de', '21ce663b-3519-4c31-9f27-9eb9de3e8c60', 'e6571d67-cca8-4ae7-974f-8fd17919f76a', 2),
  ('eeb2f28a-5fc8-41db-a00f-b7ecc40b94c6', 'd651500c-aaaf-48b7-a7a6-9cedd54b7840', 'e6571d67-cca8-4ae7-974f-8fd17919f76a', 3),
  ('7ca88b33-7868-47f7-bd25-f1293c39c8c9', '3d0630fe-d3ce-4f35-8189-7e37aebf1263', 'e6571d67-cca8-4ae7-974f-8fd17919f76a', 3),
  ('78f7be96-67e7-4187-97c9-25b827e7ed12', '9567af81-131c-4f77-8d55-dc3b87ce8595', 'e6571d67-cca8-4ae7-974f-8fd17919f76a', 15),
  ('89c8c172-57bd-40c1-b015-37bd19466ff2', '22fcf609-3e06-41de-97a4-80db0acf0abd', 'e6571d67-cca8-4ae7-974f-8fd17919f76a', 4),
  ('8648f9af-3c07-4b4a-84b1-4aabdf29cbb7', '608acde2-0a1f-4dd4-9088-d77a034895bc', 'e6571d67-cca8-4ae7-974f-8fd17919f76a', 9),
  ('24c43bb3-c49e-489e-97c0-a47cea8b5d92', '2f5d716c-1133-4d39-a575-aa5d7ab92471', 'e6571d67-cca8-4ae7-974f-8fd17919f76a', 6),
  ('a89af5b7-0a6f-4350-a9d9-29cc538b2c89', 'b61c9258-9d04-4c49-8c00-c4f852ac5151', 'e6571d67-cca8-4ae7-974f-8fd17919f76a', 1),
  ('88cf62be-7021-419b-9472-5cee3071ec1c', '9c829141-843b-400d-859c-b112513585b5', 'e6571d67-cca8-4ae7-974f-8fd17919f76a', 6),
  ('2f0a7512-e714-4a5f-9123-72f9501b4eb4', '07f17479-8bbc-405c-90c1-96bbba905f88', 'e6571d67-cca8-4ae7-974f-8fd17919f76a', 5),
  ('bb314487-4698-49d8-b841-b8d571f4e2a6', 'b09be48d-6abf-479c-b1c1-55bdf198ca63', 'e6571d67-cca8-4ae7-974f-8fd17919f76a', 6),
  ('f1e3c936-cf87-4429-8b1e-b1a0a232755d', '662d881c-0421-4a76-9de7-a48e126808b3', 'e6571d67-cca8-4ae7-974f-8fd17919f76a', 2),
  ('789e43d4-081d-46b6-b0b2-f8bd73949957', '0bfb7231-5156-4218-a2b7-952f6e1d869e', 'e6571d67-cca8-4ae7-974f-8fd17919f76a', 4),
  ('035c7729-0e20-47c2-8494-ed5e463ab917', 'db65723b-afb2-4519-8095-7e6963eb2da8', 'e6571d67-cca8-4ae7-974f-8fd17919f76a', 1),
  ('6b9b98a6-8cd8-4d22-bf19-720eb1c88a98', 'a706cb0f-9858-4cf0-bcd8-475ad61e3f3b', 'b14427f5-51da-48ab-8142-12776cc4b85a', 15),
  ('40258988-4444-44f0-92d4-ed78aa12eced', 'a915fd07-c922-496d-a618-1c98d1a26ca3', 'b14427f5-51da-48ab-8142-12776cc4b85a', 3),
  ('6613c076-05ee-4508-b259-7917bd17478e', 'b44dca81-9fa5-49c9-8272-7624de31cf95', 'b14427f5-51da-48ab-8142-12776cc4b85a', 2),
  ('7bc3dc2f-88fb-4b77-99c1-241c2d5a30a7', 'f6b5100a-21de-40b9-b7c3-8f49847b1036', 'b14427f5-51da-48ab-8142-12776cc4b85a', 6),
  ('8e17b759-4877-45c6-b8d8-427afd9017a9', 'a706cb0f-9858-4cf0-bcd8-475ad61e3f3b', 'd12cf6f6-6b32-4b89-b377-0cd815e5b74a', 9),
  ('64e45fdc-f84f-4299-87b7-178e49406a8f', 'a915fd07-c922-496d-a618-1c98d1a26ca3', 'd12cf6f6-6b32-4b89-b377-0cd815e5b74a', 4),
  ('0ffdba2c-079a-4bc2-b064-c2ba24c7abbe', 'b44dca81-9fa5-49c9-8272-7624de31cf95', 'd12cf6f6-6b32-4b89-b377-0cd815e5b74a', 3),
  ('10443d81-d821-4c30-9f8a-df881a9af70b', 'f6b5100a-21de-40b9-b7c3-8f49847b1036', 'd12cf6f6-6b32-4b89-b377-0cd815e5b74a', 7),
  ('6f7d69aa-919e-42d5-bef3-4bcb8544d0af', '21ce663b-3519-4c31-9f27-9eb9de3e8c60', 'd12cf6f6-6b32-4b89-b377-0cd815e5b74a', 4),
  ('b4ca7b74-4c9b-4db7-8a29-e9dfdc8c5e56', 'd651500c-aaaf-48b7-a7a6-9cedd54b7840', 'd12cf6f6-6b32-4b89-b377-0cd815e5b74a', 2),
  ('e4b5ca63-a595-4a14-93a5-3b5c411d3605', '3d0630fe-d3ce-4f35-8189-7e37aebf1263', 'd12cf6f6-6b32-4b89-b377-0cd815e5b74a', 9),
  ('296242fa-d389-41de-b05b-aaff50d9a233', '9567af81-131c-4f77-8d55-dc3b87ce8595', 'd12cf6f6-6b32-4b89-b377-0cd815e5b74a', 15),
  ('07bc0c07-9923-43d9-a9ce-7eda4cdc3eff', '22fcf609-3e06-41de-97a4-80db0acf0abd', 'd12cf6f6-6b32-4b89-b377-0cd815e5b74a', 8),
  ('fcf48d29-6665-45e5-8993-411c28275633', '608acde2-0a1f-4dd4-9088-d77a034895bc', 'd12cf6f6-6b32-4b89-b377-0cd815e5b74a', 9),
  ('ab30da19-cea3-4c22-aa33-85add440ebc7', '2f5d716c-1133-4d39-a575-aa5d7ab92471', 'd12cf6f6-6b32-4b89-b377-0cd815e5b74a', 7),
  ('a51e8783-3e98-4cdc-a877-5a2dfa2aae5f', 'b61c9258-9d04-4c49-8c00-c4f852ac5151', 'd12cf6f6-6b32-4b89-b377-0cd815e5b74a', 3),
  ('5ab789c6-4c5d-4612-8a6e-eaa2137c264f', '9c829141-843b-400d-859c-b112513585b5', 'd12cf6f6-6b32-4b89-b377-0cd815e5b74a', 2),
  ('03fd7702-891f-45e6-a296-73dd135806fd', '07f17479-8bbc-405c-90c1-96bbba905f88', 'd12cf6f6-6b32-4b89-b377-0cd815e5b74a', 3),
  ('e8897d47-c789-43f7-98ed-d50fc7e4be94', 'b09be48d-6abf-479c-b1c1-55bdf198ca63', 'd12cf6f6-6b32-4b89-b377-0cd815e5b74a', 7),
  ('96d49cd6-dcc0-41a3-818f-4e72b57f2476', '662d881c-0421-4a76-9de7-a48e126808b3', 'd12cf6f6-6b32-4b89-b377-0cd815e5b74a', 9),
  ('941a29f6-a575-48ff-bf2e-0931858d8b4b', '0bfb7231-5156-4218-a2b7-952f6e1d869e', 'd12cf6f6-6b32-4b89-b377-0cd815e5b74a', 2),
  ('4bb0ace0-9152-495f-b904-d15d5439f6da', 'db65723b-afb2-4519-8095-7e6963eb2da8', 'd12cf6f6-6b32-4b89-b377-0cd815e5b74a', 3),
  ('5ebc4c1f-dc37-4ea0-aaf6-e638ceea510b', 'a706cb0f-9858-4cf0-bcd8-475ad61e3f3b', 'f525f56c-fb04-44e3-ab19-4860ecfc6afa', 17),
  ('fda84d99-2aae-49d6-97ea-f08f812c7a9a', 'a915fd07-c922-496d-a618-1c98d1a26ca3', 'f525f56c-fb04-44e3-ab19-4860ecfc6afa', 2),
  ('062fcc7f-a77b-420e-b551-8ffb08cfd9d2', 'b44dca81-9fa5-49c9-8272-7624de31cf95', 'f525f56c-fb04-44e3-ab19-4860ecfc6afa', 7),
  ('3d8ffa88-6065-45a6-a766-c899c2bf88c3', 'f6b5100a-21de-40b9-b7c3-8f49847b1036', 'f525f56c-fb04-44e3-ab19-4860ecfc6afa', 4),
  ('cd6db57d-0a32-4be9-b833-0ebb267e22eb', '21ce663b-3519-4c31-9f27-9eb9de3e8c60', 'f525f56c-fb04-44e3-ab19-4860ecfc6afa', 6),
  ('4006feab-1f6b-4c0f-b16f-a478f642f458', 'd651500c-aaaf-48b7-a7a6-9cedd54b7840', 'f525f56c-fb04-44e3-ab19-4860ecfc6afa', 1),
  ('329b7347-3490-463c-b7b3-8eea7ed0180d', '3d0630fe-d3ce-4f35-8189-7e37aebf1263', 'f525f56c-fb04-44e3-ab19-4860ecfc6afa', 8),
  ('b1ece5f9-445b-4615-a0f3-18d5aabc7742', '9567af81-131c-4f77-8d55-dc3b87ce8595', 'f525f56c-fb04-44e3-ab19-4860ecfc6afa', 9),
  ('b93aa2bc-1250-4ca5-b1bf-a7be3b3d0386', '22fcf609-3e06-41de-97a4-80db0acf0abd', 'f525f56c-fb04-44e3-ab19-4860ecfc6afa', 6),
  ('fb2b742e-63f0-4912-b646-0eb85ef1fde6', '608acde2-0a1f-4dd4-9088-d77a034895bc', 'f525f56c-fb04-44e3-ab19-4860ecfc6afa', 12),
  ('282c9573-2c3d-416a-b605-f986eee11adc', '2f5d716c-1133-4d39-a575-aa5d7ab92471', 'f525f56c-fb04-44e3-ab19-4860ecfc6afa', 3),
  ('aebd94b1-3a06-40c1-90a8-9a1cc3306d91', 'b61c9258-9d04-4c49-8c00-c4f852ac5151', 'f525f56c-fb04-44e3-ab19-4860ecfc6afa', 4),
  ('fde98188-000b-42b3-b781-deccc611ad3e', '9c829141-843b-400d-859c-b112513585b5', 'f525f56c-fb04-44e3-ab19-4860ecfc6afa', 5),
  ('0543537d-46f9-43f8-918e-d1ae74f61aef', '07f17479-8bbc-405c-90c1-96bbba905f88', 'f525f56c-fb04-44e3-ab19-4860ecfc6afa', 4),
  ('5e844aa0-1918-445c-a398-4eac9f45eb7e', 'b09be48d-6abf-479c-b1c1-55bdf198ca63', 'f525f56c-fb04-44e3-ab19-4860ecfc6afa', 8),
  ('7388c3fb-336b-4253-8e34-75906e332f20', '662d881c-0421-4a76-9de7-a48e126808b3', 'f525f56c-fb04-44e3-ab19-4860ecfc6afa', 8),
  ('685ff3e5-3137-4250-b211-30da340d7ff1', '0bfb7231-5156-4218-a2b7-952f6e1d869e', 'f525f56c-fb04-44e3-ab19-4860ecfc6afa', 7),
  ('14f306a6-1d1e-43fe-b2bb-7a3259b1e1dd', 'db65723b-afb2-4519-8095-7e6963eb2da8', 'f525f56c-fb04-44e3-ab19-4860ecfc6afa', 5),
  ('149cb9df-5534-489a-89c6-7f0f2f774f0f', 'f6b5100a-21de-40b9-b7c3-8f49847b1036', '2a3f2afc-2d6f-467a-9b4e-3ece92161b44', 2),
  ('748355bd-45aa-424a-a921-552cd1ddb8ec', '21ce663b-3519-4c31-9f27-9eb9de3e8c60', '2a3f2afc-2d6f-467a-9b4e-3ece92161b44', 7),
  ('872fd2b0-1f8d-4d76-9ee0-ad19992e65ef', 'b61c9258-9d04-4c49-8c00-c4f852ac5151', '2a3f2afc-2d6f-467a-9b4e-3ece92161b44', 7),
  ('f0aa0730-2fad-4107-a73a-f26e7f8f340e', '9c829141-843b-400d-859c-b112513585b5', '2a3f2afc-2d6f-467a-9b4e-3ece92161b44', 1),
  ('73d50af3-3d73-47d3-97a2-fa856fb3d9ab', '07f17479-8bbc-405c-90c1-96bbba905f88', '2a3f2afc-2d6f-467a-9b4e-3ece92161b44', 7),
  ('df7183ec-0208-42df-980d-1ac146ea62f0', 'b09be48d-6abf-479c-b1c1-55bdf198ca63', '2a3f2afc-2d6f-467a-9b4e-3ece92161b44', 4),
  ('57d23c3a-12ea-4c29-89e3-7132dbbdb5bd', '662d881c-0421-4a76-9de7-a48e126808b3', '2a3f2afc-2d6f-467a-9b4e-3ece92161b44', 6),
  ('df08e0ba-69fb-414e-b19e-fb17c3499f1c', '0bfb7231-5156-4218-a2b7-952f6e1d869e', '2a3f2afc-2d6f-467a-9b4e-3ece92161b44', 3),
  ('79d2aba9-20f7-464d-a661-49777c63d8de', 'db65723b-afb2-4519-8095-7e6963eb2da8', '2a3f2afc-2d6f-467a-9b4e-3ece92161b44', 6),
  ('b541c4f5-6fe7-4293-ba38-0a843b384199', 'a706cb0f-9858-4cf0-bcd8-475ad61e3f3b', 'b6359886-6d92-44e6-9d18-5125cbdf7e46', 17),
  ('14633638-2dfd-44bb-9665-fe517afc303f', 'a915fd07-c922-496d-a618-1c98d1a26ca3', 'b6359886-6d92-44e6-9d18-5125cbdf7e46', 1),
  ('f55a33c1-57a2-4a26-b63e-e1e29ceb35f0', 'b44dca81-9fa5-49c9-8272-7624de31cf95', 'b6359886-6d92-44e6-9d18-5125cbdf7e46', 1),
  ('36be61d8-32ef-4e2c-96c9-76ad8960aede', 'f6b5100a-21de-40b9-b7c3-8f49847b1036', 'b6359886-6d92-44e6-9d18-5125cbdf7e46', 3),
  ('9a5e8662-65fa-4882-a4a8-5e562aa29332', '21ce663b-3519-4c31-9f27-9eb9de3e8c60', 'b6359886-6d92-44e6-9d18-5125cbdf7e46', 8),
  ('d2ae176e-9439-4828-b011-6e37399b7d2e', 'd651500c-aaaf-48b7-a7a6-9cedd54b7840', 'b6359886-6d92-44e6-9d18-5125cbdf7e46', 5),
  ('e313a21e-28a3-4aef-8852-5e012d899584', '3d0630fe-d3ce-4f35-8189-7e37aebf1263', 'b6359886-6d92-44e6-9d18-5125cbdf7e46', 1),
  ('e78d055e-7d70-4ff5-8def-2e7d43994613', '9567af81-131c-4f77-8d55-dc3b87ce8595', 'b6359886-6d92-44e6-9d18-5125cbdf7e46', 9),
  ('7134b7ef-fed4-4441-a889-e7a63337fd75', '22fcf609-3e06-41de-97a4-80db0acf0abd', 'b6359886-6d92-44e6-9d18-5125cbdf7e46', 5),
  ('91a012c8-0be4-4b77-a42f-4c1a6af0e4da', '608acde2-0a1f-4dd4-9088-d77a034895bc', 'b6359886-6d92-44e6-9d18-5125cbdf7e46', 15),
  ('fe2f64f6-2d84-4803-8423-a6a2f76fd4f4', '2f5d716c-1133-4d39-a575-aa5d7ab92471', 'b6359886-6d92-44e6-9d18-5125cbdf7e46', 2),
  ('556b1a21-9b91-4d2d-9596-bf746ed07577', 'b61c9258-9d04-4c49-8c00-c4f852ac5151', 'b6359886-6d92-44e6-9d18-5125cbdf7e46', 6),
  ('89bb8692-a913-446b-b0a0-ae46437bc130', '9c829141-843b-400d-859c-b112513585b5', 'b6359886-6d92-44e6-9d18-5125cbdf7e46', 4),
  ('4cee4ea1-7224-472f-ba47-46f5c13a9f75', '07f17479-8bbc-405c-90c1-96bbba905f88', 'b6359886-6d92-44e6-9d18-5125cbdf7e46', 6),
  ('81c96fd0-4942-4a07-b264-72c10d86094b', 'b09be48d-6abf-479c-b1c1-55bdf198ca63', 'b6359886-6d92-44e6-9d18-5125cbdf7e46', 5),
  ('d77039a1-f09d-49c2-afdd-c51ad0500e57', '662d881c-0421-4a76-9de7-a48e126808b3', 'b6359886-6d92-44e6-9d18-5125cbdf7e46', 1),
  ('e361303e-7f4c-41ee-9cb5-f1589552c6ad', '0bfb7231-5156-4218-a2b7-952f6e1d869e', 'b6359886-6d92-44e6-9d18-5125cbdf7e46', 5),
  ('ff8c8f19-7403-4fd6-b2fb-c263048b6af4', 'db65723b-afb2-4519-8095-7e6963eb2da8', 'b6359886-6d92-44e6-9d18-5125cbdf7e46', 2);

-- 2020 participants
INSERT INTO participants (id, tournament_id, name, sort_order) VALUES
  ('65583627-779e-4d81-b426-13aba06a2840', '2379f91e-5a6a-4cea-ba24-5254c7cbfc01', 'Odin', 1),
  ('e92ea835-9b0a-4770-b4ed-04766f9f6f15', '2379f91e-5a6a-4cea-ba24-5254c7cbfc01', 'Even', 2),
  ('04fcc775-cbb8-4d28-a904-fc21abf10136', '2379f91e-5a6a-4cea-ba24-5254c7cbfc01', 'Morten', 3),
  ('6279ed47-7528-459b-97f4-8e57beffb537', '2379f91e-5a6a-4cea-ba24-5254c7cbfc01', 'Eirik', 4),
  ('39cc3c37-1cf8-4c6b-9cd9-5a6cd4afb9ba', '2379f91e-5a6a-4cea-ba24-5254c7cbfc01', 'Ådne', 5),
  ('b640aa22-9c4b-4cfc-9cea-383828f3995e', '2379f91e-5a6a-4cea-ba24-5254c7cbfc01', 'Martin', 6),
  ('346cd3ae-48cc-4bd5-a7d8-727a4231b019', '2379f91e-5a6a-4cea-ba24-5254c7cbfc01', 'Edvart', 7),
  ('a1dd180d-2053-4b5b-bacf-31157a1cb90d', '2379f91e-5a6a-4cea-ba24-5254c7cbfc01', 'Halvdan', 8),
  ('4e24dcc9-a179-4013-86d0-681f1993b528', '2379f91e-5a6a-4cea-ba24-5254c7cbfc01', 'Philip', 9),
  ('48a2f008-a0a4-424b-8c27-34e80fbea81d', '2379f91e-5a6a-4cea-ba24-5254c7cbfc01', 'Daniel', 10),
  ('b29d735b-236b-49d3-9f66-dfa0f144c213', '2379f91e-5a6a-4cea-ba24-5254c7cbfc01', 'Bendik', 11),
  ('7166e24b-e82b-40e7-a726-5878c5f8b4b4', '2379f91e-5a6a-4cea-ba24-5254c7cbfc01', 'Elias', 12),
  ('bf827637-04a8-4f68-b5bb-3792b5a6581f', '2379f91e-5a6a-4cea-ba24-5254c7cbfc01', 'Ylja', 13);

-- 2020 events
INSERT INTO events (id, tournament_id, name, sort_order, day, is_hansa) VALUES
  ('29233acd-ac4c-4aed-ada8-2dca37fc3c50', '2379f91e-5a6a-4cea-ba24-5254c7cbfc01', 'Beer pong', 1, 'Fredag', true),
  ('9a49bf01-a20b-48d3-808d-a6d1da76c795', '2379f91e-5a6a-4cea-ba24-5254c7cbfc01', 'Papirfly', 2, 'Fredag', false),
  ('37d39889-0796-42f9-bbd7-fbff306eb61a', '2379f91e-5a6a-4cea-ba24-5254c7cbfc01', 'Bomullsdotten', 3, 'Fredag', false),
  ('11aca066-7d1c-4acf-beab-6bfa23fb81f3', '2379f91e-5a6a-4cea-ba24-5254c7cbfc01', 'Wii-fekting', 4, 'Fredag', false),
  ('fa844323-f8c0-4c9e-8f0f-bda1400c7b25', '2379f91e-5a6a-4cea-ba24-5254c7cbfc01', 'Bordtennis', 5, 'Lørdag', false),
  ('a6ead671-cb6e-496d-b222-fd1bd5c9c751', '2379f91e-5a6a-4cea-ba24-5254c7cbfc01', 'Løpeskyte', 6, 'Lørdag', false),
  ('3e94043b-1927-4aa1-94d9-399c5332b323', '2379f91e-5a6a-4cea-ba24-5254c7cbfc01', 'Fosstafetten', 7, 'Lørdag', true),
  ('8f5c9a06-d41d-4d7b-b7c8-0d0dd7ebd765', '2379f91e-5a6a-4cea-ba24-5254c7cbfc01', 'Idealtid', 8, 'Lørdag', false),
  ('03e4fe8a-01cb-48ee-919a-0c55c90b7b6e', '2379f91e-5a6a-4cea-ba24-5254c7cbfc01', 'Tippelappen', 9, 'Lørdag', false),
  ('43a60983-1368-475e-b017-8a89c2a4adf3', '2379f91e-5a6a-4cea-ba24-5254c7cbfc01', 'Petanque', 10, 'Lørdag', false),
  ('67a54a54-cd35-4dcc-bd6b-b4c169c2fe59', '2379f91e-5a6a-4cea-ba24-5254c7cbfc01', 'Raffle', 11, 'Søndag', false),
  ('2675833a-5078-4e59-996e-263c4edb008a', '2379f91e-5a6a-4cea-ba24-5254c7cbfc01', 'Bezzerwisser', 12, 'Søndag', false),
  ('2efe193f-d189-49c9-9a3d-2755ec55c09f', '2379f91e-5a6a-4cea-ba24-5254c7cbfc01', 'Stein, saks, papir', 13, 'Søndag', false);

-- 2020 results
INSERT INTO results (id, event_id, participant_id, placement) VALUES
  ('9925921f-51d2-4973-91d8-b5baaf7e3006', '29233acd-ac4c-4aed-ada8-2dca37fc3c50', '65583627-779e-4d81-b426-13aba06a2840', 17),
  ('d2c8c280-5645-41e2-9ba5-166bb7fa494c', '29233acd-ac4c-4aed-ada8-2dca37fc3c50', 'e92ea835-9b0a-4770-b4ed-04766f9f6f15', 6),
  ('14956d95-3c47-4e21-8d6e-7788c8658cdb', '29233acd-ac4c-4aed-ada8-2dca37fc3c50', '04fcc775-cbb8-4d28-a904-fc21abf10136', 15),
  ('1782dbfe-945a-46e9-8ad6-88d7370d48cc', '29233acd-ac4c-4aed-ada8-2dca37fc3c50', '6279ed47-7528-459b-97f4-8e57beffb537', 6),
  ('d6ecf577-5273-4605-9065-544c4890d8ce', '29233acd-ac4c-4aed-ada8-2dca37fc3c50', '39cc3c37-1cf8-4c6b-9cd9-5a6cd4afb9ba', 3),
  ('015ace78-458b-4406-b6ea-aa58b2dce1d5', '29233acd-ac4c-4aed-ada8-2dca37fc3c50', 'b640aa22-9c4b-4cfc-9cea-383828f3995e', 15),
  ('545ec51d-539c-4302-ba39-d50da411f008', '29233acd-ac4c-4aed-ada8-2dca37fc3c50', 'a1dd180d-2053-4b5b-bacf-31157a1cb90d', 17),
  ('343e3fa1-be62-413b-81c9-eb7cf3573506', '29233acd-ac4c-4aed-ada8-2dca37fc3c50', '4e24dcc9-a179-4013-86d0-681f1993b528', 9),
  ('37f825bc-4db5-4add-ab37-0ad6f303661e', '29233acd-ac4c-4aed-ada8-2dca37fc3c50', '48a2f008-a0a4-424b-8c27-34e80fbea81d', 9),
  ('f781b02c-54ad-4260-a7be-a59d443c122d', '29233acd-ac4c-4aed-ada8-2dca37fc3c50', 'b29d735b-236b-49d3-9f66-dfa0f144c213', 12),
  ('44ff6b82-1795-4e0d-8dd9-f8cb41e2bc22', '29233acd-ac4c-4aed-ada8-2dca37fc3c50', '7166e24b-e82b-40e7-a726-5878c5f8b4b4', 12),
  ('fab9366f-2a7d-4c67-b661-1243532c7627', '29233acd-ac4c-4aed-ada8-2dca37fc3c50', 'bf827637-04a8-4f68-b5bb-3792b5a6581f', 3),
  ('90388f46-ed90-4647-8494-5a7b6b3367a5', '9a49bf01-a20b-48d3-808d-a6d1da76c795', '65583627-779e-4d81-b426-13aba06a2840', 8),
  ('1c98737c-b30b-43bc-8116-891d125664f6', '9a49bf01-a20b-48d3-808d-a6d1da76c795', 'e92ea835-9b0a-4770-b4ed-04766f9f6f15', 7),
  ('530e0383-c3a8-4320-832c-6351a1014d59', '9a49bf01-a20b-48d3-808d-a6d1da76c795', '04fcc775-cbb8-4d28-a904-fc21abf10136', 9),
  ('05154455-6255-48ea-8489-8c519262fe38', '9a49bf01-a20b-48d3-808d-a6d1da76c795', '6279ed47-7528-459b-97f4-8e57beffb537', 10),
  ('aeb982b8-0330-4d51-9946-7e98b961360f', '9a49bf01-a20b-48d3-808d-a6d1da76c795', '39cc3c37-1cf8-4c6b-9cd9-5a6cd4afb9ba', 11),
  ('78c2f174-9650-400d-992d-f4ffcbd8e570', '9a49bf01-a20b-48d3-808d-a6d1da76c795', 'b640aa22-9c4b-4cfc-9cea-383828f3995e', 1),
  ('727aba5d-e83f-4be8-afcd-f1f332492b8f', '9a49bf01-a20b-48d3-808d-a6d1da76c795', '346cd3ae-48cc-4bd5-a7d8-727a4231b019', 13),
  ('27ea1298-5fbb-49fc-a175-3c4d20f11e65', '9a49bf01-a20b-48d3-808d-a6d1da76c795', 'a1dd180d-2053-4b5b-bacf-31157a1cb90d', 6),
  ('93e42485-5a91-45c0-8f55-f2f562166687', '9a49bf01-a20b-48d3-808d-a6d1da76c795', '4e24dcc9-a179-4013-86d0-681f1993b528', 4),
  ('8bbcff37-5635-4fb2-9df6-b1842e7b8ead', '9a49bf01-a20b-48d3-808d-a6d1da76c795', '48a2f008-a0a4-424b-8c27-34e80fbea81d', 3),
  ('c8de6ec7-1bbb-4aa0-b224-959d1dff8e5c', '9a49bf01-a20b-48d3-808d-a6d1da76c795', 'b29d735b-236b-49d3-9f66-dfa0f144c213', 5),
  ('26d9d3c9-1245-4a79-a89d-bcfba4be1637', '9a49bf01-a20b-48d3-808d-a6d1da76c795', '7166e24b-e82b-40e7-a726-5878c5f8b4b4', 2),
  ('d1f0338f-cb38-4f33-84ed-a2f491f5ea03', '9a49bf01-a20b-48d3-808d-a6d1da76c795', 'bf827637-04a8-4f68-b5bb-3792b5a6581f', 12),
  ('bb84b049-8468-498f-842b-2aec888b855e', '37d39889-0796-42f9-bbd7-fbff306eb61a', '65583627-779e-4d81-b426-13aba06a2840', 3),
  ('15fa1b79-1fe4-4c97-a9c1-28cc58ade743', '37d39889-0796-42f9-bbd7-fbff306eb61a', 'e92ea835-9b0a-4770-b4ed-04766f9f6f15', 12),
  ('4aa338a5-297f-448d-9cd8-371e57d44411', '37d39889-0796-42f9-bbd7-fbff306eb61a', '04fcc775-cbb8-4d28-a904-fc21abf10136', 6),
  ('431f1388-5b46-4a0b-af91-1ad97ae08063', '37d39889-0796-42f9-bbd7-fbff306eb61a', '6279ed47-7528-459b-97f4-8e57beffb537', 2),
  ('f9540949-6d61-446f-b314-f7811721296a', '37d39889-0796-42f9-bbd7-fbff306eb61a', '39cc3c37-1cf8-4c6b-9cd9-5a6cd4afb9ba', 13),
  ('9ddc6cab-cfb9-4ca7-8ecb-342af17848e6', '37d39889-0796-42f9-bbd7-fbff306eb61a', 'b640aa22-9c4b-4cfc-9cea-383828f3995e', 1),
  ('c6a3e326-c0c6-4c39-9bf9-1e82e69ff3b3', '37d39889-0796-42f9-bbd7-fbff306eb61a', '346cd3ae-48cc-4bd5-a7d8-727a4231b019', 11),
  ('2c92d04b-ef75-44e4-9e65-03c171afde50', '37d39889-0796-42f9-bbd7-fbff306eb61a', 'a1dd180d-2053-4b5b-bacf-31157a1cb90d', 4),
  ('565c84a4-7273-4e75-953c-430e39e1648e', '37d39889-0796-42f9-bbd7-fbff306eb61a', '4e24dcc9-a179-4013-86d0-681f1993b528', 7),
  ('751a4bb4-f78b-4dd3-8915-ebef79f73b17', '37d39889-0796-42f9-bbd7-fbff306eb61a', '48a2f008-a0a4-424b-8c27-34e80fbea81d', 5),
  ('a7a2e38e-94c2-4d13-9bba-cfa716ad4030', '37d39889-0796-42f9-bbd7-fbff306eb61a', 'b29d735b-236b-49d3-9f66-dfa0f144c213', 10),
  ('2beac784-09e5-49c3-a7d7-b866874ebdaa', '37d39889-0796-42f9-bbd7-fbff306eb61a', '7166e24b-e82b-40e7-a726-5878c5f8b4b4', 8),
  ('95664e29-4476-41f8-955f-52b9d96115d2', '37d39889-0796-42f9-bbd7-fbff306eb61a', 'bf827637-04a8-4f68-b5bb-3792b5a6581f', 9),
  ('bcb0a3b9-639d-4199-923f-b8af60854603', '11aca066-7d1c-4acf-beab-6bfa23fb81f3', '65583627-779e-4d81-b426-13aba06a2840', 7),
  ('1c2f0448-44da-47de-bfcc-737d59308eb0', '11aca066-7d1c-4acf-beab-6bfa23fb81f3', 'e92ea835-9b0a-4770-b4ed-04766f9f6f15', 6),
  ('68779a34-fca8-4c06-93e2-a31bbee6feb3', '11aca066-7d1c-4acf-beab-6bfa23fb81f3', '04fcc775-cbb8-4d28-a904-fc21abf10136', 13),
  ('70ac41c1-9e54-44ed-88f9-2f8096c76a13', '11aca066-7d1c-4acf-beab-6bfa23fb81f3', '6279ed47-7528-459b-97f4-8e57beffb537', 3),
  ('9432d75d-360d-410d-851a-acff851749eb', '11aca066-7d1c-4acf-beab-6bfa23fb81f3', '39cc3c37-1cf8-4c6b-9cd9-5a6cd4afb9ba', 12),
  ('3c6d3d60-55be-431a-81ba-60f85b184e1f', '11aca066-7d1c-4acf-beab-6bfa23fb81f3', 'b640aa22-9c4b-4cfc-9cea-383828f3995e', 8),
  ('62ee6d89-5e38-49df-9e72-f724f61991f0', '11aca066-7d1c-4acf-beab-6bfa23fb81f3', '346cd3ae-48cc-4bd5-a7d8-727a4231b019', 4),
  ('f20cf1e8-120b-439d-8842-54ed729f69c2', '11aca066-7d1c-4acf-beab-6bfa23fb81f3', 'a1dd180d-2053-4b5b-bacf-31157a1cb90d', 5),
  ('c0398df3-ce9b-40c9-a868-b428a229eb61', '11aca066-7d1c-4acf-beab-6bfa23fb81f3', '4e24dcc9-a179-4013-86d0-681f1993b528', 1),
  ('eb79ca09-0bc3-4ae6-9349-39d1ce92cbe7', '11aca066-7d1c-4acf-beab-6bfa23fb81f3', '48a2f008-a0a4-424b-8c27-34e80fbea81d', 9),
  ('47533b36-adcd-43dc-89a1-30fed2a40ad7', '11aca066-7d1c-4acf-beab-6bfa23fb81f3', 'b29d735b-236b-49d3-9f66-dfa0f144c213', 11),
  ('456b058a-c6a6-4c8b-b7f1-9f615f580808', '11aca066-7d1c-4acf-beab-6bfa23fb81f3', '7166e24b-e82b-40e7-a726-5878c5f8b4b4', 10),
  ('6193b304-1c09-46f8-920e-163460892011', '11aca066-7d1c-4acf-beab-6bfa23fb81f3', 'bf827637-04a8-4f68-b5bb-3792b5a6581f', 2),
  ('dc5d3f4b-5c55-4c61-8d10-9d65025dae45', 'fa844323-f8c0-4c9e-8f0f-bda1400c7b25', '65583627-779e-4d81-b426-13aba06a2840', 2),
  ('04854940-de7f-42cc-b9d0-fb97a5b4a12a', 'fa844323-f8c0-4c9e-8f0f-bda1400c7b25', '04fcc775-cbb8-4d28-a904-fc21abf10136', 10),
  ('b75c41a2-9e90-4956-9bf0-83809226e79c', 'fa844323-f8c0-4c9e-8f0f-bda1400c7b25', '6279ed47-7528-459b-97f4-8e57beffb537', 5),
  ('5eb87525-9183-4cd7-a1b3-c5b46850620b', 'fa844323-f8c0-4c9e-8f0f-bda1400c7b25', '39cc3c37-1cf8-4c6b-9cd9-5a6cd4afb9ba', 9),
  ('020ddc04-98ca-4283-8e40-5c9fa8443679', 'fa844323-f8c0-4c9e-8f0f-bda1400c7b25', 'b640aa22-9c4b-4cfc-9cea-383828f3995e', 1),
  ('0d8bc080-cbd1-4a4c-a508-aa10f05b3e4f', 'fa844323-f8c0-4c9e-8f0f-bda1400c7b25', '346cd3ae-48cc-4bd5-a7d8-727a4231b019', 8),
  ('e5073645-7ba9-4e58-9c8a-05ec76213c82', 'fa844323-f8c0-4c9e-8f0f-bda1400c7b25', 'a1dd180d-2053-4b5b-bacf-31157a1cb90d', 7),
  ('5251acbc-9cb7-4aef-b38f-f2b90ac01d32', 'fa844323-f8c0-4c9e-8f0f-bda1400c7b25', '48a2f008-a0a4-424b-8c27-34e80fbea81d', 3),
  ('a6f99ed3-b56d-4a61-8540-88444d617141', 'fa844323-f8c0-4c9e-8f0f-bda1400c7b25', 'b29d735b-236b-49d3-9f66-dfa0f144c213', 4),
  ('a69bb5a1-ef17-4cab-8af4-3147caacd27d', 'fa844323-f8c0-4c9e-8f0f-bda1400c7b25', '7166e24b-e82b-40e7-a726-5878c5f8b4b4', 6),
  ('bc81183a-6337-4331-8f91-c38cf06a5793', 'a6ead671-cb6e-496d-b222-fd1bd5c9c751', '65583627-779e-4d81-b426-13aba06a2840', 7),
  ('15f51c0d-0676-4a8f-a9ab-413351571031', 'a6ead671-cb6e-496d-b222-fd1bd5c9c751', '04fcc775-cbb8-4d28-a904-fc21abf10136', 6),
  ('713e473c-0f25-4947-8bae-4530ad399fba', 'a6ead671-cb6e-496d-b222-fd1bd5c9c751', '6279ed47-7528-459b-97f4-8e57beffb537', 4),
  ('34c8f89b-1ede-4c9c-996a-93c580f2d3ae', 'a6ead671-cb6e-496d-b222-fd1bd5c9c751', '39cc3c37-1cf8-4c6b-9cd9-5a6cd4afb9ba', 1),
  ('6016c9c3-83e9-4469-a08b-05d5c1e54b26', 'a6ead671-cb6e-496d-b222-fd1bd5c9c751', 'b640aa22-9c4b-4cfc-9cea-383828f3995e', 2),
  ('6ba09868-6355-421b-83e4-788be57aaaac', 'a6ead671-cb6e-496d-b222-fd1bd5c9c751', '346cd3ae-48cc-4bd5-a7d8-727a4231b019', 9),
  ('8080e14f-c8c4-4f4d-9713-cc69858d1bdb', 'a6ead671-cb6e-496d-b222-fd1bd5c9c751', 'a1dd180d-2053-4b5b-bacf-31157a1cb90d', 3),
  ('b3a36e4b-9ee4-4b82-986b-8d6277ca3cbd', 'a6ead671-cb6e-496d-b222-fd1bd5c9c751', '48a2f008-a0a4-424b-8c27-34e80fbea81d', 5),
  ('517ef0b5-bfcb-4e9e-bc54-d558d79571ca', 'a6ead671-cb6e-496d-b222-fd1bd5c9c751', 'b29d735b-236b-49d3-9f66-dfa0f144c213', 8),
  ('55446223-2cde-46d3-b50e-be9f729b66ed', 'a6ead671-cb6e-496d-b222-fd1bd5c9c751', '7166e24b-e82b-40e7-a726-5878c5f8b4b4', 10),
  ('dc3f132f-6b6a-4732-bcf9-78c3956e66aa', '3e94043b-1927-4aa1-94d9-399c5332b323', '65583627-779e-4d81-b426-13aba06a2840', 6),
  ('37f4252e-33ca-4251-8cd3-60d3bb94b35f', '3e94043b-1927-4aa1-94d9-399c5332b323', '04fcc775-cbb8-4d28-a904-fc21abf10136', 17),
  ('e07e0a31-0710-40cf-8072-97fc0ce43107', '3e94043b-1927-4aa1-94d9-399c5332b323', '6279ed47-7528-459b-97f4-8e57beffb537', 9),
  ('ad94abe2-8d72-40e0-9bb9-df3a34d9e829', '3e94043b-1927-4aa1-94d9-399c5332b323', '39cc3c37-1cf8-4c6b-9cd9-5a6cd4afb9ba', 12),
  ('1fe90a39-62f0-4e8b-8eb8-7317c839cf79', '3e94043b-1927-4aa1-94d9-399c5332b323', 'b640aa22-9c4b-4cfc-9cea-383828f3995e', 17),
  ('45017590-0970-48bc-9ed3-5781bbda9418', '3e94043b-1927-4aa1-94d9-399c5332b323', '346cd3ae-48cc-4bd5-a7d8-727a4231b019', 12),
  ('5c4f350f-30d7-4f50-9782-5dc368971df7', '3e94043b-1927-4aa1-94d9-399c5332b323', 'a1dd180d-2053-4b5b-bacf-31157a1cb90d', 15),
  ('5ec58b14-a276-4975-859d-7845f940994f', '3e94043b-1927-4aa1-94d9-399c5332b323', '48a2f008-a0a4-424b-8c27-34e80fbea81d', 15),
  ('990046f3-c6cd-419f-8b42-f7ed1af40227', '3e94043b-1927-4aa1-94d9-399c5332b323', 'b29d735b-236b-49d3-9f66-dfa0f144c213', 6),
  ('32fe1252-e3b0-4c22-84ce-977894e3b588', '3e94043b-1927-4aa1-94d9-399c5332b323', '7166e24b-e82b-40e7-a726-5878c5f8b4b4', 9),
  ('f214b5da-39b5-44a8-bee7-9ca01647d928', '8f5c9a06-d41d-4d7b-b7c8-0d0dd7ebd765', '65583627-779e-4d81-b426-13aba06a2840', 7),
  ('972bc76f-fc3b-4d23-8bef-c7a98d16d7ed', '8f5c9a06-d41d-4d7b-b7c8-0d0dd7ebd765', '6279ed47-7528-459b-97f4-8e57beffb537', 9),
  ('ad9fe86a-8d80-4708-bcce-2f87d9efb53d', '8f5c9a06-d41d-4d7b-b7c8-0d0dd7ebd765', '39cc3c37-1cf8-4c6b-9cd9-5a6cd4afb9ba', 6),
  ('359eed1e-562e-42a6-aef2-51a87a50393f', '8f5c9a06-d41d-4d7b-b7c8-0d0dd7ebd765', 'b640aa22-9c4b-4cfc-9cea-383828f3995e', 3),
  ('5febdb31-0745-4ae5-b631-589a85de9ad5', '8f5c9a06-d41d-4d7b-b7c8-0d0dd7ebd765', '346cd3ae-48cc-4bd5-a7d8-727a4231b019', 2),
  ('939a0444-08ab-42ae-94cb-b1c5f6cadc8f', '8f5c9a06-d41d-4d7b-b7c8-0d0dd7ebd765', 'a1dd180d-2053-4b5b-bacf-31157a1cb90d', 1),
  ('1d5793e8-c315-4c4d-bde9-e94a2580cdef', '8f5c9a06-d41d-4d7b-b7c8-0d0dd7ebd765', '4e24dcc9-a179-4013-86d0-681f1993b528', 4),
  ('e0b1700d-15b1-4970-b569-99a1a68b43d2', '8f5c9a06-d41d-4d7b-b7c8-0d0dd7ebd765', '48a2f008-a0a4-424b-8c27-34e80fbea81d', 8),
  ('95180ee2-4a8e-4d70-b2da-41432dfbbc2c', '8f5c9a06-d41d-4d7b-b7c8-0d0dd7ebd765', 'b29d735b-236b-49d3-9f66-dfa0f144c213', 5),
  ('73b6193b-8ccd-4640-b81d-ef492b49eca6', '8f5c9a06-d41d-4d7b-b7c8-0d0dd7ebd765', '7166e24b-e82b-40e7-a726-5878c5f8b4b4', 10),
  ('7428a321-f62e-4941-b57d-f202ccced6a6', '03e4fe8a-01cb-48ee-919a-0c55c90b7b6e', '65583627-779e-4d81-b426-13aba06a2840', 3),
  ('38d81da2-9020-4687-8330-c1f827d799a1', '03e4fe8a-01cb-48ee-919a-0c55c90b7b6e', '04fcc775-cbb8-4d28-a904-fc21abf10136', 1),
  ('57d68e6b-3379-443a-b124-6d0b9f02192e', '03e4fe8a-01cb-48ee-919a-0c55c90b7b6e', '6279ed47-7528-459b-97f4-8e57beffb537', 3),
  ('d879370f-5338-486a-955c-968131b8363f', '03e4fe8a-01cb-48ee-919a-0c55c90b7b6e', '39cc3c37-1cf8-4c6b-9cd9-5a6cd4afb9ba', 7),
  ('1fbc5bd5-be0e-4d4e-8abb-285a403c1859', '03e4fe8a-01cb-48ee-919a-0c55c90b7b6e', 'b640aa22-9c4b-4cfc-9cea-383828f3995e', 3),
  ('9c321ef0-8389-48f0-8837-49098d794737', '03e4fe8a-01cb-48ee-919a-0c55c90b7b6e', '346cd3ae-48cc-4bd5-a7d8-727a4231b019', 1),
  ('3499ec9b-9914-49fe-ba63-8e1f970e129e', '03e4fe8a-01cb-48ee-919a-0c55c90b7b6e', 'a1dd180d-2053-4b5b-bacf-31157a1cb90d', 7),
  ('322af947-c4ca-4fe5-b4d9-0dbab1b40d8d', '03e4fe8a-01cb-48ee-919a-0c55c90b7b6e', '4e24dcc9-a179-4013-86d0-681f1993b528', 7),
  ('2028d569-45e1-4e1a-b178-cd8ca2bba60e', '03e4fe8a-01cb-48ee-919a-0c55c90b7b6e', '48a2f008-a0a4-424b-8c27-34e80fbea81d', 10),
  ('7fc2f8cb-3590-4470-a38e-29a37d6b3eb1', '03e4fe8a-01cb-48ee-919a-0c55c90b7b6e', 'b29d735b-236b-49d3-9f66-dfa0f144c213', 10),
  ('917c5007-6d80-4b93-b144-8874179417a0', '03e4fe8a-01cb-48ee-919a-0c55c90b7b6e', '7166e24b-e82b-40e7-a726-5878c5f8b4b4', 3),
  ('fbece3d6-22b8-406e-9628-19f8f9e3dea2', '43a60983-1368-475e-b017-8a89c2a4adf3', '65583627-779e-4d81-b426-13aba06a2840', 9),
  ('0b63583b-8bd2-4ef3-9c15-56c3a49a9898', '43a60983-1368-475e-b017-8a89c2a4adf3', '04fcc775-cbb8-4d28-a904-fc21abf10136', 8),
  ('f68445aa-800d-4e58-92e0-675aa825e10e', '43a60983-1368-475e-b017-8a89c2a4adf3', '6279ed47-7528-459b-97f4-8e57beffb537', 7),
  ('c4f8c751-aa61-4288-8dfa-dd88d0616a2f', '43a60983-1368-475e-b017-8a89c2a4adf3', '39cc3c37-1cf8-4c6b-9cd9-5a6cd4afb9ba', 6),
  ('68d40625-0605-4dae-a2b7-52487db77c26', '43a60983-1368-475e-b017-8a89c2a4adf3', 'b640aa22-9c4b-4cfc-9cea-383828f3995e', 2),
  ('ff7ced04-0962-4b1b-8470-e848b5ee8daa', '43a60983-1368-475e-b017-8a89c2a4adf3', '346cd3ae-48cc-4bd5-a7d8-727a4231b019', 4),
  ('62ec2bd2-c091-4498-92fc-f2178f27f84f', '43a60983-1368-475e-b017-8a89c2a4adf3', 'a1dd180d-2053-4b5b-bacf-31157a1cb90d', 3),
  ('416c3c16-1821-48d4-82da-1fcb063f06ef', '43a60983-1368-475e-b017-8a89c2a4adf3', '4e24dcc9-a179-4013-86d0-681f1993b528', 10),
  ('40ebb77f-fb03-4cf0-bf2c-ea34e4e010ec', '43a60983-1368-475e-b017-8a89c2a4adf3', '48a2f008-a0a4-424b-8c27-34e80fbea81d', 5),
  ('66033d6d-f28d-43ad-9afa-d3ce33da0ff1', '43a60983-1368-475e-b017-8a89c2a4adf3', 'b29d735b-236b-49d3-9f66-dfa0f144c213', 1),
  ('9c3b413e-47e9-436c-a2d3-04389f1b481d', '43a60983-1368-475e-b017-8a89c2a4adf3', '7166e24b-e82b-40e7-a726-5878c5f8b4b4', 11),
  ('8327c79c-3971-47cf-ae34-98baa1822823', '67a54a54-cd35-4dcc-bd6b-b4c169c2fe59', '65583627-779e-4d81-b426-13aba06a2840', 7),
  ('919e6e56-44a8-4b65-8df3-01c38cc89e87', '67a54a54-cd35-4dcc-bd6b-b4c169c2fe59', 'e92ea835-9b0a-4770-b4ed-04766f9f6f15', 1),
  ('2875ea47-d475-49eb-9df3-d3aa3b6e43c2', '67a54a54-cd35-4dcc-bd6b-b4c169c2fe59', '6279ed47-7528-459b-97f4-8e57beffb537', 5),
  ('dffa0a11-436c-45f7-a28c-307571a06a0b', '67a54a54-cd35-4dcc-bd6b-b4c169c2fe59', '39cc3c37-1cf8-4c6b-9cd9-5a6cd4afb9ba', 3),
  ('c11a00e3-e7e7-4152-bef4-fe01569cc2e3', '67a54a54-cd35-4dcc-bd6b-b4c169c2fe59', 'b640aa22-9c4b-4cfc-9cea-383828f3995e', 2),
  ('8c1ea137-a9fa-4661-a1b9-01ba164be885', '67a54a54-cd35-4dcc-bd6b-b4c169c2fe59', '346cd3ae-48cc-4bd5-a7d8-727a4231b019', 6),
  ('b85a032f-b001-4a02-9f6a-e0a472d86fd0', '67a54a54-cd35-4dcc-bd6b-b4c169c2fe59', 'a1dd180d-2053-4b5b-bacf-31157a1cb90d', 4),
  ('f4bbd8bc-6c18-4a8e-88b6-1fa1a8b616f2', '67a54a54-cd35-4dcc-bd6b-b4c169c2fe59', '48a2f008-a0a4-424b-8c27-34e80fbea81d', 8),
  ('2f652f2f-83d2-46a2-851d-3bf0d99a89b8', '67a54a54-cd35-4dcc-bd6b-b4c169c2fe59', 'b29d735b-236b-49d3-9f66-dfa0f144c213', 10),
  ('9f25fd1f-baed-462b-bc04-e5319375460b', '67a54a54-cd35-4dcc-bd6b-b4c169c2fe59', '7166e24b-e82b-40e7-a726-5878c5f8b4b4', 9),
  ('d2e8faf1-91a1-4600-8c15-e1b09ef961e9', '2675833a-5078-4e59-996e-263c4edb008a', '65583627-779e-4d81-b426-13aba06a2840', 8),
  ('28205a05-e97e-4698-ac24-8be7f732e8b2', '2675833a-5078-4e59-996e-263c4edb008a', '6279ed47-7528-459b-97f4-8e57beffb537', 6),
  ('7464b98f-b30c-48a1-a2f5-20df7107c0d5', '2675833a-5078-4e59-996e-263c4edb008a', 'b640aa22-9c4b-4cfc-9cea-383828f3995e', 5),
  ('d1979792-118a-4146-9a01-c101dea5a019', '2675833a-5078-4e59-996e-263c4edb008a', '346cd3ae-48cc-4bd5-a7d8-727a4231b019', 2),
  ('26475aa8-1bdd-4d4c-a91c-5a7724608ba1', '2675833a-5078-4e59-996e-263c4edb008a', 'a1dd180d-2053-4b5b-bacf-31157a1cb90d', 1),
  ('92cd0620-c20f-4902-9df0-156dd7123b95', '2675833a-5078-4e59-996e-263c4edb008a', '48a2f008-a0a4-424b-8c27-34e80fbea81d', 2),
  ('30b147c5-e53f-443e-b899-31ea7000fcac', '2675833a-5078-4e59-996e-263c4edb008a', 'b29d735b-236b-49d3-9f66-dfa0f144c213', 4),
  ('6fc499b9-ce90-460a-a279-63698d85e031', '2675833a-5078-4e59-996e-263c4edb008a', '7166e24b-e82b-40e7-a726-5878c5f8b4b4', 7),
  ('cf356b31-f70a-456d-a693-ede3db5819dc', '2efe193f-d189-49c9-9a3d-2755ec55c09f', '65583627-779e-4d81-b426-13aba06a2840', 10),
  ('26a67c05-33ae-4b31-9a3b-ae7be3e87c51', '2efe193f-d189-49c9-9a3d-2755ec55c09f', 'e92ea835-9b0a-4770-b4ed-04766f9f6f15', 9),
  ('c7ac2718-f94b-4786-bd38-22b073baff6c', '2efe193f-d189-49c9-9a3d-2755ec55c09f', '6279ed47-7528-459b-97f4-8e57beffb537', 4),
  ('8d37b4e7-f017-4e34-be76-97900ba94581', '2efe193f-d189-49c9-9a3d-2755ec55c09f', '39cc3c37-1cf8-4c6b-9cd9-5a6cd4afb9ba', 3),
  ('92f9f3ac-97ed-4c3d-b085-2682fc6cae88', '2efe193f-d189-49c9-9a3d-2755ec55c09f', 'b640aa22-9c4b-4cfc-9cea-383828f3995e', 8),
  ('7ef30e10-4c1d-40f2-829b-b1bd76a368dd', '2efe193f-d189-49c9-9a3d-2755ec55c09f', '346cd3ae-48cc-4bd5-a7d8-727a4231b019', 5),
  ('f0c100f4-bceb-43ff-b282-ff61dd90bddc', '2efe193f-d189-49c9-9a3d-2755ec55c09f', 'a1dd180d-2053-4b5b-bacf-31157a1cb90d', 6),
  ('f0061dd6-2757-4143-b607-51738744564c', '2efe193f-d189-49c9-9a3d-2755ec55c09f', '48a2f008-a0a4-424b-8c27-34e80fbea81d', 2),
  ('059bfb4f-6486-4bf2-8131-47ba5677bfe0', '2efe193f-d189-49c9-9a3d-2755ec55c09f', 'b29d735b-236b-49d3-9f66-dfa0f144c213', 1),
  ('d85e6c26-8c66-4001-9422-7c803115c394', '2efe193f-d189-49c9-9a3d-2755ec55c09f', '7166e24b-e82b-40e7-a726-5878c5f8b4b4', 7);

-- 2021 participants
INSERT INTO participants (id, tournament_id, name, sort_order) VALUES
  ('f1e197e2-e559-41dc-8e01-732b3cc2fceb', '0f34c306-7ed1-4463-b906-58ddfb42f52e', 'Odin', 1),
  ('3752d78a-5045-46fd-bf97-4a186aa230c6', '0f34c306-7ed1-4463-b906-58ddfb42f52e', 'Even', 2),
  ('1f0c000f-6c17-415f-b0b1-5631bda8a629', '0f34c306-7ed1-4463-b906-58ddfb42f52e', 'Morten', 3),
  ('c9622709-e467-4107-8b25-b36197b1554f', '0f34c306-7ed1-4463-b906-58ddfb42f52e', 'Eirik', 4),
  ('39598543-4a0f-4e8c-91a7-0f6ab968939b', '0f34c306-7ed1-4463-b906-58ddfb42f52e', 'Martin', 5),
  ('df9d2e33-1e5b-4bea-8967-0218209633e1', '0f34c306-7ed1-4463-b906-58ddfb42f52e', 'Edvart', 6),
  ('1a9a218c-71f9-445e-ae1d-6832b2ee1e0e', '0f34c306-7ed1-4463-b906-58ddfb42f52e', 'Halvdan', 7),
  ('e07234ed-453d-4d73-b974-1589c06751dc', '0f34c306-7ed1-4463-b906-58ddfb42f52e', 'Philip', 8),
  ('7ae614c5-fdd3-4b95-812f-a1998b12ddbe', '0f34c306-7ed1-4463-b906-58ddfb42f52e', 'Daniel', 9),
  ('d224cd4c-e497-4be8-94e9-9dc8c2a45c04', '0f34c306-7ed1-4463-b906-58ddfb42f52e', 'Bendik', 10),
  ('9b9b7d55-481f-4a55-8964-b294a9e11723', '0f34c306-7ed1-4463-b906-58ddfb42f52e', 'Elias', 11);

-- 2021 events
INSERT INTO events (id, tournament_id, name, sort_order, day, is_hansa) VALUES
  ('7fdf2ebf-6984-426d-b337-1ab71a68f389', '0f34c306-7ed1-4463-b906-58ddfb42f52e', 'Beer pong', 1, 'Fredag', true),
  ('8588260f-575a-437a-8864-83555f6bf5f8', '0f34c306-7ed1-4463-b906-58ddfb42f52e', 'Gnav', 2, 'Fredag', false),
  ('8988eaf6-4365-49b3-b30e-2624134db071', '0f34c306-7ed1-4463-b906-58ddfb42f52e', 'Papirfly', 3, 'Fredag', false),
  ('3243e49b-9834-4aaa-85a9-96931899f2bc', '0f34c306-7ed1-4463-b906-58ddfb42f52e', 'Ultrakubb', 4, 'Fredag', true),
  ('aed161ed-4fa9-48ef-b43e-ed84a55980b9', '0f34c306-7ed1-4463-b906-58ddfb42f52e', 'Bordtennis', 5, 'Lørdag', false),
  ('857d0648-5d84-40bb-96e6-b9a3220bb423', '0f34c306-7ed1-4463-b906-58ddfb42f52e', 'Petanque', 6, 'Lørdag', false),
  ('742256dd-86b1-41fb-80b8-668fb68d8f49', '0f34c306-7ed1-4463-b906-58ddfb42f52e', 'Idealtid', 7, 'Lørdag', false),
  ('9f0588a6-b534-40fb-a3a7-09e905ea8164', '0f34c306-7ed1-4463-b906-58ddfb42f52e', 'Fyllefotball', 8, 'Lørdag', true),
  ('401d74b9-4c19-4033-a9c7-04e3ea7c35ff', '0f34c306-7ed1-4463-b906-58ddfb42f52e', 'Løpeskyte', 9, 'Søndag', false),
  ('e39fbe80-934a-4cfa-bc75-8c06212e5d55', '0f34c306-7ed1-4463-b906-58ddfb42f52e', 'Volleyball', 10, 'Søndag', true),
  ('6edeb4b7-2ae4-41ca-a432-a3cea9fa9909', '0f34c306-7ed1-4463-b906-58ddfb42f52e', 'Fordeleren', 11, 'Søndag', false),
  ('c1e652fd-9606-45cb-9638-f30318d6d0ce', '0f34c306-7ed1-4463-b906-58ddfb42f52e', 'Stein, saks, papir', 12, 'Søndag', false);

-- 2021 results
INSERT INTO results (id, event_id, participant_id, placement) VALUES
  ('06f9280b-3ff4-4f22-b89c-bda0368817f0', '7fdf2ebf-6984-426d-b337-1ab71a68f389', '1a9a218c-71f9-445e-ae1d-6832b2ee1e0e', 17),
  ('20c23b04-ecb0-478b-a6b2-8aca77728852', '7fdf2ebf-6984-426d-b337-1ab71a68f389', 'd224cd4c-e497-4be8-94e9-9dc8c2a45c04', 17),
  ('7492bf55-5b71-48de-a4c1-297eb3db95a9', '7fdf2ebf-6984-426d-b337-1ab71a68f389', '1f0c000f-6c17-415f-b0b1-5631bda8a629', 13),
  ('46369781-b236-42e4-861f-8d45cf088eb2', '7fdf2ebf-6984-426d-b337-1ab71a68f389', 'c9622709-e467-4107-8b25-b36197b1554f', 13),
  ('3c508f3a-d043-470f-9935-867a613de9c9', '7fdf2ebf-6984-426d-b337-1ab71a68f389', '9b9b7d55-481f-4a55-8964-b294a9e11723', 13),
  ('7f8916c2-74af-4f5c-9c88-23adf935707e', '7fdf2ebf-6984-426d-b337-1ab71a68f389', 'df9d2e33-1e5b-4bea-8967-0218209633e1', 10),
  ('937ab098-e620-4165-b14e-72285a0cb1f9', '7fdf2ebf-6984-426d-b337-1ab71a68f389', 'e07234ed-453d-4d73-b974-1589c06751dc', 8),
  ('8e6056fe-1bc3-4130-b465-4e33267384d9', '7fdf2ebf-6984-426d-b337-1ab71a68f389', '7ae614c5-fdd3-4b95-812f-a1998b12ddbe', 8),
  ('b1333fc8-7a7e-473e-b0f2-7e24efb5e69f', '8588260f-575a-437a-8864-83555f6bf5f8', 'f1e197e2-e559-41dc-8e01-732b3cc2fceb', 9),
  ('23de4906-d192-4b42-9eaa-8d78636319cf', '8588260f-575a-437a-8864-83555f6bf5f8', '1f0c000f-6c17-415f-b0b1-5631bda8a629', 7),
  ('17c00425-0d37-42d9-9efd-265a895abdc7', '8588260f-575a-437a-8864-83555f6bf5f8', 'c9622709-e467-4107-8b25-b36197b1554f', 4),
  ('e3faac4d-58d2-4169-90cc-9862eb0b29c9', '8588260f-575a-437a-8864-83555f6bf5f8', 'df9d2e33-1e5b-4bea-8967-0218209633e1', 8),
  ('79acadb3-d56a-4898-aa60-49d6236bc1cc', '8588260f-575a-437a-8864-83555f6bf5f8', '1a9a218c-71f9-445e-ae1d-6832b2ee1e0e', 2),
  ('2d5fbde1-9fbf-4c1c-a0ce-66b3700de0e9', '8588260f-575a-437a-8864-83555f6bf5f8', 'e07234ed-453d-4d73-b974-1589c06751dc', 5),
  ('735eb959-f972-4bbd-a643-1c35ff43f9cf', '8588260f-575a-437a-8864-83555f6bf5f8', '7ae614c5-fdd3-4b95-812f-a1998b12ddbe', 6),
  ('f9141b5d-df84-4c63-8765-e6d27c8fbaa2', '8588260f-575a-437a-8864-83555f6bf5f8', 'd224cd4c-e497-4be8-94e9-9dc8c2a45c04', 3),
  ('b2b7dfc9-9fe8-4d18-ac00-7b4e5a6fe529', '8588260f-575a-437a-8864-83555f6bf5f8', '9b9b7d55-481f-4a55-8964-b294a9e11723', 1),
  ('2b1e9134-e168-403e-94a8-8b2e450ce26c', '8988eaf6-4365-49b3-b30e-2624134db071', 'f1e197e2-e559-41dc-8e01-732b3cc2fceb', 9),
  ('48b2dae9-7423-4a27-ac09-0fd5052dd369', '8988eaf6-4365-49b3-b30e-2624134db071', '1f0c000f-6c17-415f-b0b1-5631bda8a629', 6),
  ('3c805bbc-0717-4f4d-a704-fd9e4176d039', '8988eaf6-4365-49b3-b30e-2624134db071', 'c9622709-e467-4107-8b25-b36197b1554f', 5),
  ('03f2a247-901b-4d57-b9bc-f3b48d2f0e1e', '8988eaf6-4365-49b3-b30e-2624134db071', 'df9d2e33-1e5b-4bea-8967-0218209633e1', 7),
  ('17f5bc72-11a3-4749-928f-adcb8e1dd75b', '8988eaf6-4365-49b3-b30e-2624134db071', '1a9a218c-71f9-445e-ae1d-6832b2ee1e0e', 4),
  ('b6152379-71ba-4507-80a6-d27d2c651f93', '8988eaf6-4365-49b3-b30e-2624134db071', 'e07234ed-453d-4d73-b974-1589c06751dc', 8),
  ('439e94e5-bb9d-4fea-bd12-19e62236f426', '8988eaf6-4365-49b3-b30e-2624134db071', '7ae614c5-fdd3-4b95-812f-a1998b12ddbe', 1),
  ('d72d7f30-4364-4792-a963-73bb96e2a219', '8988eaf6-4365-49b3-b30e-2624134db071', 'd224cd4c-e497-4be8-94e9-9dc8c2a45c04', 3),
  ('b6348a63-fc59-40c1-816e-6506e51df7d0', '8988eaf6-4365-49b3-b30e-2624134db071', '9b9b7d55-481f-4a55-8964-b294a9e11723', 2),
  ('a1508282-8afe-4a1a-abb5-3f5b27ae2021', '3243e49b-9834-4aaa-85a9-96931899f2bc', '1f0c000f-6c17-415f-b0b1-5631bda8a629', 17),
  ('6757c6db-a3e5-495d-9d47-532f71c16727', '3243e49b-9834-4aaa-85a9-96931899f2bc', 'e07234ed-453d-4d73-b974-1589c06751dc', 17),
  ('30ef0652-e38d-47e9-bf2c-05024b707b76', '3243e49b-9834-4aaa-85a9-96931899f2bc', 'df9d2e33-1e5b-4bea-8967-0218209633e1', 13),
  ('e54575cd-ea08-4e33-88b7-d9f071b13c59', '3243e49b-9834-4aaa-85a9-96931899f2bc', '9b9b7d55-481f-4a55-8964-b294a9e11723', 13),
  ('7131b98a-5274-408d-a70b-e71de8a5bfe7', '3243e49b-9834-4aaa-85a9-96931899f2bc', 'c9622709-e467-4107-8b25-b36197b1554f', 10),
  ('034a6496-901f-4f1f-91cd-88ab5e90d379', '3243e49b-9834-4aaa-85a9-96931899f2bc', '7ae614c5-fdd3-4b95-812f-a1998b12ddbe', 10),
  ('d9dd431b-71b6-43d0-95d4-198f4d5632f5', '3243e49b-9834-4aaa-85a9-96931899f2bc', '1a9a218c-71f9-445e-ae1d-6832b2ee1e0e', 8),
  ('ebcb0b59-320f-411f-9e68-7f5b2bcc4fb6', '3243e49b-9834-4aaa-85a9-96931899f2bc', 'd224cd4c-e497-4be8-94e9-9dc8c2a45c04', 8),
  ('7fd6e52c-7485-48d2-b0b9-4280f7f98ea6', 'aed161ed-4fa9-48ef-b43e-ed84a55980b9', 'f1e197e2-e559-41dc-8e01-732b3cc2fceb', 7),
  ('cc60e28f-5651-4539-8069-bdaf1289544a', 'aed161ed-4fa9-48ef-b43e-ed84a55980b9', '3752d78a-5045-46fd-bf97-4a186aa230c6', 8),
  ('7d251d5b-140d-42be-9a9d-b589406ddfde', 'aed161ed-4fa9-48ef-b43e-ed84a55980b9', '1f0c000f-6c17-415f-b0b1-5631bda8a629', 4),
  ('b17afc68-a819-4ae5-bf7d-090ddd1e61f0', 'aed161ed-4fa9-48ef-b43e-ed84a55980b9', 'c9622709-e467-4107-8b25-b36197b1554f', 5),
  ('d24e9abc-995d-4874-81a1-cad1093d3d74', 'aed161ed-4fa9-48ef-b43e-ed84a55980b9', '39598543-4a0f-4e8c-91a7-0f6ab968939b', 1),
  ('0c901ee5-162b-4197-a5d4-f4a635b6a928', 'aed161ed-4fa9-48ef-b43e-ed84a55980b9', 'df9d2e33-1e5b-4bea-8967-0218209633e1', 6),
  ('1d347eec-0d77-49cf-9423-7fc3b5211640', 'aed161ed-4fa9-48ef-b43e-ed84a55980b9', '1a9a218c-71f9-445e-ae1d-6832b2ee1e0e', 10),
  ('55d006b2-32e1-4fc0-81fc-1333b3b8a176', 'aed161ed-4fa9-48ef-b43e-ed84a55980b9', '7ae614c5-fdd3-4b95-812f-a1998b12ddbe', 2),
  ('0b9d749f-7b3a-4e5d-90cf-c72311075ca7', 'aed161ed-4fa9-48ef-b43e-ed84a55980b9', 'd224cd4c-e497-4be8-94e9-9dc8c2a45c04', 3),
  ('35ea38bf-9969-4e4b-a350-85d0adc269d5', 'aed161ed-4fa9-48ef-b43e-ed84a55980b9', '9b9b7d55-481f-4a55-8964-b294a9e11723', 9),
  ('01057c39-005b-4690-ba0f-bedd4619e848', '857d0648-5d84-40bb-96e6-b9a3220bb423', 'f1e197e2-e559-41dc-8e01-732b3cc2fceb', 1),
  ('14d23a31-57b7-4d89-a112-abcfc99b7f8a', '857d0648-5d84-40bb-96e6-b9a3220bb423', '3752d78a-5045-46fd-bf97-4a186aa230c6', 7),
  ('4ac914ba-9723-4482-93e1-915b3ba168a8', '857d0648-5d84-40bb-96e6-b9a3220bb423', '1f0c000f-6c17-415f-b0b1-5631bda8a629', 10),
  ('c0ccdcee-3124-479f-b754-66395bb2c1bb', '857d0648-5d84-40bb-96e6-b9a3220bb423', 'c9622709-e467-4107-8b25-b36197b1554f', 5),
  ('07bdd77f-2826-4462-b238-037db9ec3001', '857d0648-5d84-40bb-96e6-b9a3220bb423', '39598543-4a0f-4e8c-91a7-0f6ab968939b', 6),
  ('d2a3e497-338a-41e4-a2a2-2104cb29a3ea', '857d0648-5d84-40bb-96e6-b9a3220bb423', 'df9d2e33-1e5b-4bea-8967-0218209633e1', 2),
  ('c4b75f50-6f6d-4318-9a82-405a2900dfe1', '857d0648-5d84-40bb-96e6-b9a3220bb423', '1a9a218c-71f9-445e-ae1d-6832b2ee1e0e', 9),
  ('4f5c67dc-b818-46eb-b52d-7b5c0a680ca6', '857d0648-5d84-40bb-96e6-b9a3220bb423', '7ae614c5-fdd3-4b95-812f-a1998b12ddbe', 4),
  ('ef807b05-8dcb-460a-9126-1bd3f821b0bd', '857d0648-5d84-40bb-96e6-b9a3220bb423', 'd224cd4c-e497-4be8-94e9-9dc8c2a45c04', 3),
  ('1660168c-7b53-4c31-ab3d-63fa3d46d4e5', '857d0648-5d84-40bb-96e6-b9a3220bb423', '9b9b7d55-481f-4a55-8964-b294a9e11723', 8),
  ('0badf1e8-d6b6-4b69-898b-3d0669800456', '742256dd-86b1-41fb-80b8-668fb68d8f49', 'f1e197e2-e559-41dc-8e01-732b3cc2fceb', 1),
  ('ec87443b-7207-436f-a8c2-f117e8cbe696', '742256dd-86b1-41fb-80b8-668fb68d8f49', '3752d78a-5045-46fd-bf97-4a186aa230c6', 10),
  ('a5999d34-9391-4ee7-8ee1-e521190b6698', '742256dd-86b1-41fb-80b8-668fb68d8f49', '1f0c000f-6c17-415f-b0b1-5631bda8a629', 8),
  ('7bfa54df-665d-404d-acd6-3cdc8c470efc', '742256dd-86b1-41fb-80b8-668fb68d8f49', 'c9622709-e467-4107-8b25-b36197b1554f', 3),
  ('59157781-748c-4bf8-b603-266d2fb34055', '742256dd-86b1-41fb-80b8-668fb68d8f49', '39598543-4a0f-4e8c-91a7-0f6ab968939b', 5),
  ('9895eda0-ecee-4806-a822-bf0e49ce3247', '742256dd-86b1-41fb-80b8-668fb68d8f49', 'df9d2e33-1e5b-4bea-8967-0218209633e1', 2),
  ('c535f55c-db67-4468-b890-a4a2db200d3e', '742256dd-86b1-41fb-80b8-668fb68d8f49', '1a9a218c-71f9-445e-ae1d-6832b2ee1e0e', 6),
  ('e06ce7ac-124e-43d8-aa8f-68fab4238b59', '742256dd-86b1-41fb-80b8-668fb68d8f49', '7ae614c5-fdd3-4b95-812f-a1998b12ddbe', 7),
  ('b33e5049-9f3c-4795-8226-56664353e4c2', '742256dd-86b1-41fb-80b8-668fb68d8f49', 'd224cd4c-e497-4be8-94e9-9dc8c2a45c04', 4),
  ('6f90166e-b73a-4b2f-a90c-f6ec534cb368', '742256dd-86b1-41fb-80b8-668fb68d8f49', '9b9b7d55-481f-4a55-8964-b294a9e11723', 9),
  ('a7d693b8-0f85-4e7d-bb02-f82ba04ff0ec', '9f0588a6-b534-40fb-a3a7-09e905ea8164', 'f1e197e2-e559-41dc-8e01-732b3cc2fceb', 10),
  ('0830b4f0-fabf-42db-937b-1a7c5eeb7bba', '9f0588a6-b534-40fb-a3a7-09e905ea8164', '3752d78a-5045-46fd-bf97-4a186aa230c6', 5),
  ('4314fa8d-04f0-4db1-a6e9-c50984617683', '9f0588a6-b534-40fb-a3a7-09e905ea8164', '1f0c000f-6c17-415f-b0b1-5631bda8a629', 6),
  ('7eeb935c-9abd-4087-af05-44133bb9d3ad', '9f0588a6-b534-40fb-a3a7-09e905ea8164', 'c9622709-e467-4107-8b25-b36197b1554f', 10),
  ('90e7e595-17ef-4d76-80b2-39636596c2ed', '9f0588a6-b534-40fb-a3a7-09e905ea8164', '39598543-4a0f-4e8c-91a7-0f6ab968939b', 7),
  ('2ff3ab92-22d6-413c-85bb-fab34dc96b62', '9f0588a6-b534-40fb-a3a7-09e905ea8164', 'df9d2e33-1e5b-4bea-8967-0218209633e1', 13),
  ('696cbff8-26c4-43cb-938f-f544ef6f2194', '9f0588a6-b534-40fb-a3a7-09e905ea8164', '1a9a218c-71f9-445e-ae1d-6832b2ee1e0e', 13),
  ('d347da31-fea0-443f-b619-78e49683efff', '9f0588a6-b534-40fb-a3a7-09e905ea8164', '7ae614c5-fdd3-4b95-812f-a1998b12ddbe', 10),
  ('4739af1f-6264-416b-9ada-408b57001fce', '9f0588a6-b534-40fb-a3a7-09e905ea8164', 'd224cd4c-e497-4be8-94e9-9dc8c2a45c04', 10),
  ('24b6c6ba-9c64-40dc-bafc-db6ebab48c3d', '401d74b9-4c19-4033-a9c7-04e3ea7c35ff', 'f1e197e2-e559-41dc-8e01-732b3cc2fceb', 5),
  ('a4b77e06-d6a2-4275-8407-23d8032c13ed', '401d74b9-4c19-4033-a9c7-04e3ea7c35ff', 'c9622709-e467-4107-8b25-b36197b1554f', 8),
  ('474d64a0-da48-4c21-a266-67f25c23aa36', '401d74b9-4c19-4033-a9c7-04e3ea7c35ff', '39598543-4a0f-4e8c-91a7-0f6ab968939b', 1),
  ('0f302444-9a06-43cf-979e-789d06da1b9a', '401d74b9-4c19-4033-a9c7-04e3ea7c35ff', 'df9d2e33-1e5b-4bea-8967-0218209633e1', 4),
  ('60e3a39b-989f-4cb6-be0b-d386983c7a14', '401d74b9-4c19-4033-a9c7-04e3ea7c35ff', '1a9a218c-71f9-445e-ae1d-6832b2ee1e0e', 6),
  ('681fb47f-ce77-4e71-90c9-7d996ff357bd', '401d74b9-4c19-4033-a9c7-04e3ea7c35ff', '7ae614c5-fdd3-4b95-812f-a1998b12ddbe', 7),
  ('c723ccf1-5598-4db5-9e4e-ad5057bd3211', '401d74b9-4c19-4033-a9c7-04e3ea7c35ff', 'd224cd4c-e497-4be8-94e9-9dc8c2a45c04', 2),
  ('50758adf-e911-47bf-8b3f-1527b9749449', '401d74b9-4c19-4033-a9c7-04e3ea7c35ff', '9b9b7d55-481f-4a55-8964-b294a9e11723', 3),
  ('709d4bc4-eebf-406b-82c3-6acb02ef09f5', 'e39fbe80-934a-4cfa-bc75-8c06212e5d55', 'f1e197e2-e559-41dc-8e01-732b3cc2fceb', 7),
  ('77f18958-f686-4422-b09f-5f6ad920b076', 'e39fbe80-934a-4cfa-bc75-8c06212e5d55', 'c9622709-e467-4107-8b25-b36197b1554f', 13),
  ('822fdb3a-b6ef-4bf5-a172-c829ebb352eb', 'e39fbe80-934a-4cfa-bc75-8c06212e5d55', '39598543-4a0f-4e8c-91a7-0f6ab968939b', 13),
  ('6bebfde7-7099-474c-98dd-3069222c0ce6', 'e39fbe80-934a-4cfa-bc75-8c06212e5d55', 'df9d2e33-1e5b-4bea-8967-0218209633e1', 13),
  ('126c018f-34d7-48de-bcda-5f1732b58646', 'e39fbe80-934a-4cfa-bc75-8c06212e5d55', '1a9a218c-71f9-445e-ae1d-6832b2ee1e0e', 10),
  ('55db1057-5b7a-4581-9ada-d1c8519ff1f8', 'e39fbe80-934a-4cfa-bc75-8c06212e5d55', '7ae614c5-fdd3-4b95-812f-a1998b12ddbe', 4),
  ('08107f5a-6821-4c92-a896-05f137749b84', 'e39fbe80-934a-4cfa-bc75-8c06212e5d55', 'd224cd4c-e497-4be8-94e9-9dc8c2a45c04', 13),
  ('86ca3695-5d77-4997-85d4-7ad9532fd0e0', 'e39fbe80-934a-4cfa-bc75-8c06212e5d55', '9b9b7d55-481f-4a55-8964-b294a9e11723', 7),
  ('c1ea05d1-3b7d-4d30-9793-97964ad8d23a', '6edeb4b7-2ae4-41ca-a432-a3cea9fa9909', 'f1e197e2-e559-41dc-8e01-732b3cc2fceb', 2),
  ('6faddf94-edb7-4eb6-ad5b-ec88e13b70ea', '6edeb4b7-2ae4-41ca-a432-a3cea9fa9909', 'c9622709-e467-4107-8b25-b36197b1554f', 8),
  ('1a1ce3cf-37e4-4fcc-999e-8c894c9a0448', '6edeb4b7-2ae4-41ca-a432-a3cea9fa9909', '39598543-4a0f-4e8c-91a7-0f6ab968939b', 5),
  ('eeac7b9f-f92d-48c6-9803-917d29ff642f', '6edeb4b7-2ae4-41ca-a432-a3cea9fa9909', 'df9d2e33-1e5b-4bea-8967-0218209633e1', 3),
  ('4e0bd279-668c-493f-922a-64f930d76a0e', '6edeb4b7-2ae4-41ca-a432-a3cea9fa9909', '1a9a218c-71f9-445e-ae1d-6832b2ee1e0e', 5),
  ('0c5a4844-5796-46af-ba63-c89aab81c3c7', '6edeb4b7-2ae4-41ca-a432-a3cea9fa9909', '7ae614c5-fdd3-4b95-812f-a1998b12ddbe', 1),
  ('bbf3db61-b8d9-4521-a2a3-c6ec092638e2', '6edeb4b7-2ae4-41ca-a432-a3cea9fa9909', 'd224cd4c-e497-4be8-94e9-9dc8c2a45c04', 4),
  ('d98c2d95-c931-474e-a569-321f6577ddcf', '6edeb4b7-2ae4-41ca-a432-a3cea9fa9909', '9b9b7d55-481f-4a55-8964-b294a9e11723', 7),
  ('53eda516-93cc-4fe7-a976-06ae8918c28e', 'c1e652fd-9606-45cb-9638-f30318d6d0ce', 'f1e197e2-e559-41dc-8e01-732b3cc2fceb', 2),
  ('7dbb18ab-f4e3-497d-ad58-980e21f637cd', 'c1e652fd-9606-45cb-9638-f30318d6d0ce', 'c9622709-e467-4107-8b25-b36197b1554f', 7),
  ('d6742cf3-823d-45a2-935f-9a4201837c42', 'c1e652fd-9606-45cb-9638-f30318d6d0ce', '39598543-4a0f-4e8c-91a7-0f6ab968939b', 8),
  ('fdf997bb-10cd-4004-8ac2-a9510b3746fe', 'c1e652fd-9606-45cb-9638-f30318d6d0ce', 'df9d2e33-1e5b-4bea-8967-0218209633e1', 3),
  ('c22cbe99-7125-422d-8ddc-6ef91c739a69', 'c1e652fd-9606-45cb-9638-f30318d6d0ce', '1a9a218c-71f9-445e-ae1d-6832b2ee1e0e', 4),
  ('cc9f7823-096e-47bf-92b8-a312da61518a', 'c1e652fd-9606-45cb-9638-f30318d6d0ce', '7ae614c5-fdd3-4b95-812f-a1998b12ddbe', 5),
  ('44afe2b5-0641-4736-a087-919c9feb4748', 'c1e652fd-9606-45cb-9638-f30318d6d0ce', 'd224cd4c-e497-4be8-94e9-9dc8c2a45c04', 1),
  ('4cca6881-afb4-47f6-90fd-2cb49116d2a9', 'c1e652fd-9606-45cb-9638-f30318d6d0ce', '9b9b7d55-481f-4a55-8964-b294a9e11723', 6);
